InchiKey,Smiles,NW,NE
GYDULKFNKUOCND-UHFFFAOYSA-N,FC(F)(F)c1ccc(COc2cncc3nnc(-c4ccc(OCCC5COC5)cc4)n23)o1,[*]OCc1ccc(C(F)(F)F)o1,[*]c1ccc(OCCC2COC2)cc1
MOZKUDJIKFTJCE-UHFFFAOYSA-N,O=C(NC1COC1)c1ccc(-c2nnc3cncc(OCc4ccc(C(F)(F)F)o4)n23)c(F)c1,[*]OCc1ccc(C(F)(F)F)o1,[*]c1ccc(C(=O)NC2COC2)cc1F
NWTCBDQTVVWXKM-UHFFFAOYSA-N,OCC(CCOc1cncc2nnc(-c3ccc(C(F)(F)c4ccccc4)o3)n12)C(F)(F)F,[*]OCCC(CO)C(F)(F)F,[*]c1ccc(C(F)(F)c2ccccc2)o1
ZULAEQKVTNJJOS-UHFFFAOYSA-N,O=C(c1ccc(-c2nnc3cncc(OCc4ccc(C(F)(F)F)o4)n23)c(F)c1)N1CCOC1,[*]OCc1ccc(C(F)(F)F)o1,[*]c1ccc(C(=O)N2CCOC2)cc1F
KYAPMWWUIYKWLB-UHFFFAOYSA-N,CC(F)(CCOc1cncc2nnc(-c3ccc(F)c(OC(F)F)c3)n12)c1ccco1,[*]OCCC(C)(F)c1ccco1,[*]c1ccc(F)c(OC(F)F)c1
YVTFHMGSDDPFGO-UHFFFAOYSA-N,FC(F)(F)c1cccc(COc2cncc3nnc(-c4ccc(OCC5CO5)cc4)n23)c1,[*]OCc1cccc(C(F)(F)F)c1,[*]c1ccc(OCC2CO2)cc1
NVFFEUACKTZNND-UHFFFAOYSA-N,CC(CCOc1cncc2nnc(-c3ccc(F)c(CO)c3)n12)Oc1ccc(C(F)(F)F)cc1,[*]OCCC(C)Oc1ccc(C(F)(F)F)cc1,[*]c1ccc(F)c(CO)c1
QDIUTPUVSFAJRA-UHFFFAOYSA-N,FC1(COc2ccc(-c3nnc4cncc(OCc5cccc(C(F)(F)F)c5)n34)cc2)COC1,[*]OCc1cccc(C(F)(F)F)c1,[*]c1ccc(OCC2(F)COC2)cc1
MGEZLKBFAYUIBD-UHFFFAOYSA-N,OCc1cc(-c2nnc3cncc(OCCC(Cc4cccc(F)c4)C(F)(F)F)n23)ccc1F,[*]OCCC(Cc1cccc(F)c1)C(F)(F)F,[*]c1ccc(F)c(CO)c1
XHOQJWKNGGLEFT-UHFFFAOYSA-N,CC(C)(CCOc1cncc2nnc(-c3ccc(COC4CCOC4)cc3)n12)C(F)(F)F,[*]OCCC(C)(C)C(F)(F)F,[*]c1ccc(COC2CCOC2)cc1
YVNMWGVTRMBRSD-UHFFFAOYSA-N,CC(O)(c1ccc(-c2nnc3cncc(OCc4ccc(C(F)(F)F)o4)n23)cc1)c1ccco1,[*]OCc1ccc(C(F)(F)F)o1,[*]c1ccc(C(C)(O)c2ccco2)cc1
KQKDMQBGIXMMJX-UHFFFAOYSA-N,O=C(c1ccc(-c2nnc3cncc(OCc4ccc(C(F)(F)F)cc4)n23)cc1F)N1CCOC1,[*]OCc1ccc(C(F)(F)F)cc1,[*]c1ccc(C(=O)N2CCOC2)c(F)c1
NIIFZLXYNNSJQK-UHFFFAOYSA-N,O=C(NC1CC1)c1ccc(-c2nnc3cncc(OCCc4ccccc4C(F)(F)F)n23)c(F)c1,[*]OCCc1ccccc1C(F)(F)F,[*]c1ccc(C(=O)NC2CC2)cc1F
IEZPWDHPDYJNIB-UHFFFAOYSA-N,Cc1csc(N(C)C(=O)c2ccc(-c3nnc4cncc(OCCC(F)(F)F)n34)c(F)c2)c1,[*]OCCC(F)(F)F,[*]c1ccc(C(=O)N(C)c2cc(C)cs2)cc1F
KYZKPDJOVOIMMA-UHFFFAOYSA-N,Fc1cc(-c2nnc3cncc(OCc4cccc(C(F)(F)F)c4)n23)ccc1OC1COCOC1,[*]OCc1cccc(C(F)(F)F)c1,[*]c1ccc(OC2COCOC2)c(F)c1
GCEZAPNMTUWTDY-UHFFFAOYSA-N,OCc1cc(-c2nnc3cncc(OCCC(F)(F)c4ccc(OC(F)F)cc4)n23)ccc1F,[*]OCCC(F)(F)c1ccc(OC(F)F)cc1,[*]c1ccc(F)c(CO)c1
HJXINGPBGCJNPQ-UHFFFAOYSA-N,OC(c1ccc(-c2nnc3cncc(OCc4ccc(-c5ccco5)o4)n23)cc1)C(F)(F)F,[*]OCc1ccc(-c2ccco2)o1,[*]c1ccc(C(O)C(F)(F)F)cc1
BCXPBMIHCXMMFE-UHFFFAOYSA-N,CC(C)(O)CCOc1cncc2nnc(-c3ccc(OCc4ccccc4C(F)(F)F)cc3)n12,[*]OCCC(C)(C)O,[*]c1ccc(OCc2ccccc2C(F)(F)F)cc1
PYUPGGZQBQQMOW-UHFFFAOYSA-N,CC(O)(c1ccc(-c2nnc3cncc(OCc4ccc(Cl)s4)n23)cc1)c1ccoc1,[*]OCc1ccc(Cl)s1,[*]c1ccc(C(C)(O)c2ccoc2)cc1
HJQBIBWIVGMTLD-UHFFFAOYSA-N,FC1CCN(c2ccc(-c3nnc4cncc(OCc5cccc(C(F)(F)F)c5)n34)cc2)C1,[*]OCc1cccc(C(F)(F)F)c1,[*]c1ccc(N2CCC(F)C2)cc1
GESRQJZAXLGYQR-UHFFFAOYSA-N,CC(O)(c1ccc(-c2nnc3cncc(OCCC(F)(F)C#Cc4ccccc4)n23)cc1)C1COC1,[*]OCCC(F)(F)C#Cc1ccccc1,[*]c1ccc(C(C)(O)C2COC2)cc1
ZERMHPSEZUXNHD-UHFFFAOYSA-N,Cc1cc(-c2nnc3cncc(OCCC(F)(F)C(=O)Nc4cccc(Cl)c4)n23)ccc1F,[*]OCCC(F)(F)C(=O)Nc1cccc(Cl)c1,[*]c1ccc(F)c(C)c1
VUCRJVWGYUAWGM-UHFFFAOYSA-N,OC(F)(CCOc1cncc2nnc(-c3ccc(F)c(OC(F)F)c3)n12)c1ccc(Cl)s1,[*]OCCC(O)(F)c1ccc(Cl)s1,[*]c1ccc(F)c(OC(F)F)c1
UUIFHUWCMQHKKW-UHFFFAOYSA-N,CC(F)(F)CCOc1cncc2nnc(-c3ccc(Oc4cccc(CO)c4)cc3)n12,[*]OCCC(C)(F)F,[*]c1ccc(Oc2cccc(CO)c2)cc1
LPVKJKBJYQTJKD-UHFFFAOYSA-N,CC(C)(CCOc1cncc2nnc(-c3ccc(F)c(OC4COC4)c3)n12)C(F)(F)F,[*]OCCC(C)(C)C(F)(F)F,[*]c1ccc(F)c(OC2COC2)c1
SUJCFZOFOJAUOX-UHFFFAOYSA-N,CC(O)(c1ccccc1)c1ccc(-c2nnc3cncc(OCCC(F)(F)F)n23)cc1F,[*]OCCC(F)(F)F,[*]c1ccc(C(C)(O)c2ccccc2)c(F)c1
HDJJSCNCPIJFRV-UHFFFAOYSA-N,OCc1cc(-c2nnc3cncc(OCCC(COc4ccccc4)C(F)(F)F)n23)ccc1Cl,[*]OCCC(COc1ccccc1)C(F)(F)F,[*]c1ccc(Cl)c(CO)c1
MWTSVARJYVBHCO-UHFFFAOYSA-N,O=C(NC1COC1)c1ccc(-c2nnc3cncc(OCCc4ccc(C(F)(F)F)cc4)n23)c(F)c1,[*]OCCc1ccc(C(F)(F)F)cc1,[*]c1ccc(C(=O)NC2COC2)cc1F
ATINFPVFBXWKEG-UHFFFAOYSA-N,CC(C)(O)CCOc1cncc2nnc(-c3ccc(C(F)F)cc3OCc3ccccc3)n12,[*]OCCC(C)(C)O,[*]c1ccc(C(F)F)cc1OCc1ccccc1
IUYOJFXRBKCNJR-UHFFFAOYSA-N,CC(F)(CCOc1cncc2nnc(-c3ccc(OCc4ccncc4)cc3)n12)C(F)(F)F,[*]OCCC(C)(F)C(F)(F)F,[*]c1ccc(OCc2ccncc2)cc1
VOJKGBWROZHRTI-UHFFFAOYSA-N,O=C(NCc1cc(-c2nnc3cncc(OCCC(F)(F)F)n23)ccc1Cl)c1ccccc1F,[*]OCCC(F)(F)F,[*]c1ccc(Cl)c(CNC(=O)c2ccccc2F)c1
SOVXFBAOPFYNTB-UHFFFAOYSA-N,O=C(NCc1ccc(Cl)cc1)c1ccc(-c2nnc3cncc(OCCC(F)(F)F)n23)c(F)c1,[*]OCCC(F)(F)F,[*]c1ccc(C(=O)NCc2ccc(Cl)cc2)cc1F
JSIHIZBKZYUJAP-UHFFFAOYSA-N,N=c1ccc(-c2nnc3cncc(OCc4ccc(C(F)(F)F)cc4)n23)cs1,[*]OCc1ccc(C(F)(F)F)cc1,[*]c1ccc(=N)sc1
CIQRRCNDYQFHAR-UHFFFAOYSA-N,CC(CCOc1cncc2nnc(-c3ccc4c(c3)CCC(C)(C)O4)n12)C(F)(F)F,[*]OCCC(C)C(F)(F)F,[*]c1ccc2c(c1)CCC(C)(C)O2
MJUIETXURNOZIG-UHFFFAOYSA-N,Cc1cc(-c2cc(-c3nnc4cncc(OCCC(C)(F)F)n34)no2)ccc1Cl,[*]OCCC(C)(F)F,[*]c1cc(-c2ccc(Cl)c(C)c2)on1
ANDWTDNRSOANET-UHFFFAOYSA-N,Cc1cc(-c2nnc3cncc(OCCC(C)C(F)(F)F)n23)ccc1OC(F)F,[*]OCCC(C)C(F)(F)F,[*]c1ccc(OC(F)F)c(C)c1
JWVSTJPPZJOCJO-UHFFFAOYSA-N,COc1cc(-c2nnc3cncc(OCCCO)n23)ccc1-c1ccc(C(F)(F)F)cc1,[*]OCCCO,[*]c1ccc(-c2ccc(C(F)(F)F)cc2)c(OC)c1
BMKILBFYTGFTQU-UHFFFAOYSA-N,OCc1cc(-c2nnc3cncc(OCCC#Cc4ccc(Cl)cc4)n23)ccc1Cl,[*]OCCC#Cc1ccc(Cl)cc1,[*]c1ccc(Cl)c(CO)c1
SUVBMTMLOFZUMI-UHFFFAOYSA-N,Cc1cc(C(F)(F)F)ncc1Cc1cncc2nnc(-c3ccc(OC(F)F)cc3)n12,[*]Cc1cnc(C(F)(F)F)cc1C,[*]c1ccc(OC(F)F)cc1
QTCAHMRUZMTCLN-UHFFFAOYSA-N,O=C(NC1CC1)c1ccc(-c2nnc3cncc(Cc4cc(F)cc(C(F)(F)F)c4)n23)cc1F,[*]Cc1cc(F)cc(C(F)(F)F)c1,[*]c1ccc(C(=O)NC2CC2)c(F)c1
IOJDFHGSQLNFOY-UHFFFAOYSA-N,FC(F)(F)c1cc(-c2nnc3cncc(OCc4cnc(Cl)cn4)n23)ccc1Cl,[*]OCc1cnc(Cl)cn1,[*]c1ccc(Cl)c(C(F)(F)F)c1
MBUFXRPOBIEDJI-UHFFFAOYSA-N,O=C(NC1CC1)c1ccc(-c2nnc3cncc(-c4cc(Cl)ccc4OC(F)F)n23)cc1F,[*]c1cc(Cl)ccc1OC(F)F,[*]c1ccc(C(=O)NC2CC2)c(F)c1
DHSZMNRICAMNSL-UHFFFAOYSA-N,Cc1ccc(-c2cccc(-c3nnc4cncc(COCc5cc(F)cc(F)c5)n34)c2)nn1,[*]COCc1cc(F)cc(F)c1,[*]c1cccc(-c2ccc(C)nn2)c1
QSHJXMOJCLXQGN-UHFFFAOYSA-N,Cc1cccc(-c2cc(-c3nnc4cncc(OCc5ccc(F)c(F)c5F)n34)nn2C)c1,[*]OCc1ccc(F)c(F)c1F,[*]c1cc(-c2cccc(C)c2)n(C)n1
VXGFKKMBYUZSIC-UHFFFAOYSA-N,Cc1cc(-c2cccc(-c3nnc4cncc(OCc5ccc(Cl)c(F)c5)n34)c2)n(C)n1,[*]OCc1ccc(Cl)c(F)c1,[*]c1cccc(-c2cc(C)nn2C)c1
SNVBTOWNGYNIOW-UHFFFAOYSA-N,Cc1nncc(-c2ccc(F)c(COc3cncc4nnc(-c5ccccc5F)n34)c2)c1C,[*]OCc1cc(-c2cnnc(C)c2C)ccc1F,[*]c1ccccc1F
UYSBOBDIMIRFGS-UHFFFAOYSA-N,CCn1nc(C)cc1-c1cccc(COc2cncc3nnc(-c4ccc(F)cc4F)n23)c1,[*]OCc1cccc(-c2cc(C)nn2CC)c1,[*]c1ccc(F)cc1F
YPLQADXXBVLCEO-UHFFFAOYSA-N,FC(F)Oc1ccc(-c2nnc3cncc(OCc4ccc(CC(F)(F)F)nc4)n23)cc1,[*]OCc1ccc(CC(F)(F)F)nc1,[*]c1ccc(OC(F)F)cc1
VGISLTFLUQDJQX-UHFFFAOYSA-N,Fc1ccc(-c2nnc3cncc(OCc4ccnc(C(F)(F)F)n4)n23)cc1Cl,[*]OCc1ccnc(C(F)(F)F)n1,[*]c1ccc(F)c(Cl)c1
XEMFKJLJIWBVSI-UHFFFAOYSA-N,Cc1nnccc1CCOc1cncc2nnc(-c3ccc(OC(F)(F)F)cc3)n12,[*]OCCc1ccnnc1C,[*]c1ccc(OC(F)(F)F)cc1
KKFYKVLEOGMNSC-UHFFFAOYSA-N,O=C(NC1CC1)c1ccc(Cc2cncc3nnc(-c4ccc(C(F)(F)F)cc4)n23)c(F)c1,[*]Cc1ccc(C(=O)NC2CC2)cc1F,[*]c1ccc(C(F)(F)F)cc1
VOJYLPPQOCJUAZ-UHFFFAOYSA-N,O=C(NC1CC1)c1ccc(-c2cncc3nnc(-c4ccc(F)cc4C(F)(F)F)n23)cc1F,[*]c1ccc(C(=O)NC2CC2)c(F)c1,[*]c1ccc(F)cc1C(F)(F)F
UARDBDRFEBTAAN-UHFFFAOYSA-N,Cc1cc(-c2nnc3cncc(OCc4ccc(F)c(F)c4)n23)ccc1-c1cnn(C)c1,[*]OCc1ccc(F)c(F)c1,[*]c1ccc(-c2cnn(C)c2)c(C)c1
FWLWSWLPIUIPAQ-UHFFFAOYSA-N,Cc1cc(-c2nnc3cncc(COc4ccc(F)cc4F)n23)ccc1-c1cnn(C)c1,[*]COc1ccc(F)cc1F,[*]c1ccc(-c2cnn(C)c2)c(C)c1
SZXCJZIZPJUUFS-UHFFFAOYSA-N,CC(O)(c1ccc(-c2nnc3cncc(OCCC(F)(F)c4ccco4)n23)cc1)C1CC1,[*]OCCC(F)(F)c1ccco1,[*]c1ccc(C(C)(O)C2CC2)cc1
BGQRSXQQWUNZLH-UHFFFAOYSA-N,OC(O)(c1ccc(-c2nnc3cncc(OCC4(c5ccc(F)c(F)c5)CCC4)n23)o1)C1CC1,[*]OCC1(c2ccc(F)c(F)c2)CCC1,[*]c1ccc(C(O)(O)C2CC2)o1
RCXYAIKWDDSGCM-UHFFFAOYSA-N,OC(F)(c1ccc(-c2nnc3cncc(OCc4ccccc4C(F)(F)F)n23)o1)C1CC1,[*]OCc1ccccc1C(F)(F)F,[*]c1ccc(C(O)(F)C2CC2)o1
JNQDFWVNUVSZOP-UHFFFAOYSA-N,CC(O)(c1ccc(-c2nnc3cncc(OCCc4ccc(C(F)(F)F)cc4)n23)o1)C1COC1,[*]OCCc1ccc(C(F)(F)F)cc1,[*]c1ccc(C(C)(O)C2COC2)o1
QMHOCLYKKOMMLC-UHFFFAOYSA-N,OC(O)(c1ccc(-c2nnc3cncc(OCc4cccc(-c5ccoc5)c4)n23)cc1)C1CC1,[*]OCc1cccc(-c2ccoc2)c1,[*]c1ccc(C(O)(O)C2CC2)cc1
ZIEGJPDAGLPWLO-UHFFFAOYSA-N,OC(O)(c1ccc(-c2nnc3cncc(OCc4ccc(-c5ccco5)cc4)n23)cc1)C1CC1,[*]OCc1ccc(-c2ccco2)cc1,[*]c1ccc(C(O)(O)C2CC2)cc1
GNUVCSPKXPCUTG-UHFFFAOYSA-N,OC(O)(c1ccc(-c2nnc3cncc(OCc4cccc(-c5ccco5)c4)n23)cc1)C1CC1,[*]OCc1cccc(-c2ccco2)c1,[*]c1ccc(C(O)(O)C2CC2)cc1
DPAHOBLSSCKCNE-UHFFFAOYSA-N,OC(O)(c1ccc(-c2nnc3cncc(OCc4ccc(-c5ccccc5)o4)n23)cc1)C1CC1,[*]OCc1ccc(-c2ccccc2)o1,[*]c1ccc(C(O)(O)C2CC2)cc1
SDQDJZSQHVTJQK-UHFFFAOYSA-N,Cc1cocc1COc1cncc2nnc(-c3ccc(-c4cccc(C(O)(F)F)c4)cc3)n12,[*]OCc1cocc1C,[*]c1ccc(-c2cccc(C(O)(F)F)c2)cc1
IPJNFHWAQNKGTP-UHFFFAOYSA-N,OC(F)(c1ccc(-c2nnc3cncc(OCc4cccc(C(F)(F)F)c4)n23)o1)C1CCC1,[*]OCc1cccc(C(F)(F)F)c1,[*]c1ccc(C(O)(F)C2CCC2)o1
PFPAFBXRKDWXRA-UHFFFAOYSA-N,FC(F)(F)c1ccc(CCOc2cncc3nnc(-c4ccc(-c5ccoc5)o4)n23)o1,[*]OCCc1ccc(C(F)(F)F)o1,[*]c1ccc(-c2ccoc2)o1
GPKNVQVPXHXCTM-UHFFFAOYSA-N,FC(F)(F)c1ccc(CCOc2cncc3nnc(-c4ccc(-c5ccco5)o4)n23)o1,[*]OCCc1ccc(C(F)(F)F)o1,[*]c1ccc(-c2ccco2)o1
NBTFBHMRJSOFEU-UHFFFAOYSA-N,OC(F)(F)c1ccc(-c2nnc3cncc(OCCc4ccc(-c5ccoc5)cc4)n23)c(F)c1,[*]OCCc1ccc(-c2ccoc2)cc1,[*]c1ccc(C(O)(F)F)cc1F
JDLJQEILFLVQLF-UHFFFAOYSA-N,OCc1cc(-c2nnc3cncc(OCCc4cccc(-c5ccco5)c4)n23)ccc1F,[*]OCCc1cccc(-c2ccco2)c1,[*]c1ccc(F)c(CO)c1
VQJLPMFFDCJNNM-UHFFFAOYSA-N,FC(F)Oc1ccc(-c2occc2-c2nnc3cncc(OCCC(F)(F)F)n23)cc1,[*]OCCC(F)(F)F,[*]c1ccoc1-c1ccc(OC(F)F)cc1
WVEANQVOCVBNIJ-UHFFFAOYSA-N,CC(O)(c1ccccc1)c1ccc(-c2nnc3cncc(OCc4ccccc4C#N)n23)cc1,[*]OCc1ccccc1C#N,[*]c1ccc(C(C)(O)c2ccccc2)cc1
LTIQQBFVIFKWHL-UHFFFAOYSA-N,FC(F)Oc1ccc(-c2cc(-c3nnc4cncc(OCCC(F)(F)F)n34)co2)cc1,[*]OCCC(F)(F)F,[*]c1coc(-c2ccc(OC(F)F)cc2)c1
FHNPDUFHAVQTKQ-UHFFFAOYSA-N,CC(O)(CCOc1cncc2nnc(-c3cc(-c4ccsc4)ccc3F)n12)C(F)(F)F,[*]OCCC(C)(O)C(F)(F)F,[*]c1cc(-c2ccsc2)ccc1F
BESSOXIPFKNLBN-UHFFFAOYSA-N,FC(F)CNCc1cc(-c2nnc3cncc(OCCC(F)(F)c4ccccc4)n23)co1,[*]OCCC(F)(F)c1ccccc1,[*]c1coc(CNCC(F)F)c1
CUAIACWMXOCAMY-UHFFFAOYSA-N,Oc1ccc(-c2nnc3cncc(OCCCc4ccoc4C(F)(F)F)n23)cc1F,[*]OCCCc1ccoc1C(F)(F)F,[*]c1ccc(O)c(F)c1
YSKBCAHZEQTQPZ-UHFFFAOYSA-N,O=C(NC1CC1)c1ccc(-c2nnc3cncc(OCCc4ccc(F)c(C(F)(F)F)c4)n23)o1,[*]OCCc1ccc(F)c(C(F)(F)F)c1,[*]c1ccc(C(=O)NC2CC2)o1
DUMKYPCQQZYOHZ-UHFFFAOYSA-N,CC(O)(CCOc1cncc2nnc(-c3cccc(-c4ccccc4F)c3)n12)c1ccco1,[*]OCCC(C)(O)c1ccco1,[*]c1cccc(-c2ccccc2F)c1
HLDVFIOHERTXCS-UHFFFAOYSA-N,FC(F)(F)Oc1ccsc1COc1cncc2nnc(-c3ccc(-c4cocn4)cc3)n12,[*]OCc1sccc1OC(F)(F)F,[*]c1ccc(-c2cocn2)cc1
NOFFRZPYGMIBLQ-UHFFFAOYSA-N,CC(C)(O)C1(CCOc2cncc3nnc(-c4ccc(Cl)c(C(F)(F)F)c4)n23)CC1,[*]OCCC1(C(C)(C)O)CC1,[*]c1ccc(Cl)c(C(F)(F)F)c1
KZRUZOPTJSNNJW-UHFFFAOYSA-N,OC(F)(c1ccc(-c2nnc3cncc(OCCc4ccccc4C(F)(F)F)n23)cc1)C1CC1,[*]OCCc1ccccc1C(F)(F)F,[*]c1ccc(C(O)(F)C2CC2)cc1
AHRMDNFCHMPQJC-UHFFFAOYSA-N,COc1cccc(-c2ccc(COc3cncc4nnc(-c5ccc(Cl)c(CO)c5)n34)o2)c1,[*]OCc1ccc(-c2cccc(OC)c2)o1,[*]c1ccc(Cl)c(CO)c1
RRAJMPLSGRXVNU-UHFFFAOYSA-N,OC(CCOc1cncc2nnc(-c3cccc(-c4cocn4)c3)n12)(c1ccccc1)C(F)(F)F,[*]OCCC(O)(c1ccccc1)C(F)(F)F,[*]c1cccc(-c2cocn2)c1
NFOSZKARFHNHRP-UHFFFAOYSA-N,CC(O)(c1ccc(-c2nnc3cncc(OCCC(F)(F)c4ccccc4)n23)cc1)C1CC1,[*]OCCC(F)(F)c1ccccc1,[*]c1ccc(C(C)(O)C2CC2)cc1
LNVHYFIWERWBCT-UHFFFAOYSA-N,Cc1ccccc1-c1ccc(CCOc2cncc3nnc(-c4ccc(F)c(C5(O)COC5)c4)n23)o1,[*]OCCc1ccc(-c2ccccc2C)o1,[*]c1ccc(F)c(C2(O)COC2)c1
RDIZZCCPFOAGSQ-UHFFFAOYSA-N,CC(O)(c1ccc(-c2nnc3cncc(OCCc4ccc(C(F)(F)F)s4)n23)cc1)C1COC1,[*]OCCc1ccc(C(F)(F)F)s1,[*]c1ccc(C(C)(O)C2COC2)cc1
IZOOTHSKJXLMEE-UHFFFAOYSA-N,O=C(NC1COC1)c1ccc(-c2nnc3cncc(OCCc4ccc(C(F)(F)F)o4)n23)c(F)c1,[*]OCCc1ccc(C(F)(F)F)o1,[*]c1ccc(C(=O)NC2COC2)cc1F
IHBJRLWMGZQLNV-UHFFFAOYSA-N,Fc1ccc(C(F)(F)C(F)COc2cncc3nnc(-c4ccc(OC5COC5)cc4)n23)cc1,[*]OCC(F)C(F)(F)c1ccc(F)cc1,[*]c1ccc(OC2COC2)cc1
LRDFHYWVKXUBHN-UHFFFAOYSA-N,O=C(NC1CC1)c1ccc(-c2nnc3cncc(OCCC(F)(c4ccccc4)C(F)(F)F)n23)o1,[*]OCCC(F)(c1ccccc1)C(F)(F)F,[*]c1ccc(C(=O)NC2CC2)o1
HHHVUIZHWZFRLC-UHFFFAOYSA-N,O=C(Nc1ccc(-c2nnc3cncc(OCC4CC4)n23)cc1)c1cccc(C(F)(F)F)c1,[*]OCC1CC1,[*]c1ccc(NC(=O)c2cccc(C(F)(F)F)c2)cc1
FKSSKCZGUICRTP-UHFFFAOYSA-N,CC(C)(CCOc1cncc2nnc(-c3ccc(Cl)c(COC4COC4)c3)n12)C(F)(F)F,[*]OCCC(C)(C)C(F)(F)F,[*]c1ccc(Cl)c(COC2COC2)c1
OOBQRMASNQGFPY-UHFFFAOYSA-N,CC(CCOc1cncc2nnc(-c3cccc(COCC4(O)CCC4)c3)n12)C(F)(F)F,[*]OCCC(C)C(F)(F)F,[*]c1cccc(COCC2(O)CCC2)c1
HOEXLLVACDHSFB-UHFFFAOYSA-N,FC(F)COc1cncc2nnc(-c3ccc(OC(F)F)c(-c4ccoc4)c3)n12,[*]OCC(F)F,[*]c1ccc(OC(F)F)c(-c2ccoc2)c1
YMBFGGDWDQNEPY-UHFFFAOYSA-N,O=C(c1ccc(-c2nnc3cncc(OCc4ccc(Cl)s4)n23)cc1)N1CCC1C(F)(F)F,[*]OCc1ccc(Cl)s1,[*]c1ccc(C(=O)N2CCC2C(F)(F)F)cc1
WDVLNQZFCOLSKT-UHFFFAOYSA-N,Fc1ccccc1CC1CC(Oc2cncc3nnc(-c4ccc(OC(F)F)cc4)n23)C1,[*]OC1CC(Cc2ccccc2F)C1,[*]c1ccc(OC(F)F)cc1
VRKKSDZNBSPSPT-UHFFFAOYSA-N,CC(O)(c1ccc(-c2nnc3cncc(OCCc4ccccc4C(F)(F)F)n23)cc1)C1CCOC1,[*]OCCc1ccccc1C(F)(F)F,[*]c1ccc(C(C)(O)C2CCOC2)cc1
PCBUAYCANSLYBV-UHFFFAOYSA-N,O=C1CCCC(COc2cncc3nnc(-c4ccc(OC(F)F)c(C(F)(F)F)c4)n23)C1,[*]OCC1CCCC(=O)C1,[*]c1ccc(OC(F)F)c(C(F)(F)F)c1
CSUGOUHSLALJLJ-UHFFFAOYSA-N,Fc1cc(CCOc2cncc3nnc(-c4ccc(-c5cc[nH]n5)cc4)n23)cc(C(F)(F)F)c1,[*]OCCc1cc(F)cc(C(F)(F)F)c1,[*]c1ccc(-c2cc[nH]n2)cc1
FMYNKBPNNDQTPO-UHFFFAOYSA-N,CC(C)(O)c1ccc(-c2nnc3cncc(OCC4CCc5ccc(C(F)(F)F)cc5O4)n23)c(F)c1,[*]OCC1CCc2ccc(C(F)(F)F)cc2O1,[*]c1ccc(C(C)(C)O)cc1F
DVHQUDFGTXZJOC-UHFFFAOYSA-N,CC(O)(c1ccc(-c2nnc3cncc(OCCC4(C(F)(F)F)CC4)n23)cc1)C1CC1,[*]OCCC1(C(F)(F)F)CC1,[*]c1ccc(C(C)(O)C2CC2)cc1
PRTVUIUERUOULJ-UHFFFAOYSA-N,Cc1ccc(C(F)(F)F)cc1COc1cncc2nnc(-c3ccc(-c4nnco4)cc3)n12,[*]OCc1cc(C(F)(F)F)ccc1C,[*]c1ccc(-c2nnco2)cc1
BMPSSGZPXRZDPO-UHFFFAOYSA-N,O=C(NC1CC1(F)F)c1ccc(-c2nnc3cncc(OCCCc4cccc(Cl)c4F)n23)cc1,[*]OCCCc1cccc(Cl)c1F,[*]c1ccc(C(=O)NC2CC2(F)F)cc1
CPKIHOOABZCURZ-UHFFFAOYSA-N,O=C(NC1COC1)c1ccc(-c2nnc3cncc(OCCc4ccc(Cl)c(C(F)(F)F)c4)n23)o1,[*]OCCc1ccc(Cl)c(C(F)(F)F)c1,[*]c1ccc(C(=O)NC2COC2)o1
GAFJZDBQVFNQLY-UHFFFAOYSA-N,Fc1cc(-c2nnc3cncc(OCC4CC(c5ccccn5)C4)n23)ccc1OC(F)F,[*]OCC1CC(c2ccccn2)C1,[*]c1ccc(OC(F)F)c(F)c1
KNPHGRWSIMMQRB-UHFFFAOYSA-N,CC(CCOc1cncc2nnc(-c3ccc(-c4ccccc4)nc3)n12)C(F)(F)F,[*]OCCC(C)C(F)(F)F,[*]c1ccc(-c2ccccc2)nc1
KWPCSWHKFGGFDC-UHFFFAOYSA-N,FC(F)Oc1cccc(-c2ncccc2-c2nnc3cncc(OCCC(F)(F)F)n23)c1,[*]OCCC(F)(F)F,[*]c1cccnc1-c1cccc(OC(F)F)c1
YKWDQSXXWBGNGM-UHFFFAOYSA-N,COc1cc(C(C)(C)O)ccc1-c1nnc2cncc(OC3CCC(C(F)(F)F)C3)n12,[*]OC1CCC(C(F)(F)F)C1,[*]c1ccc(C(C)(C)O)cc1OC
IWCKQGONRLVJIN-UHFFFAOYSA-N,O=C(c1cc(-c2nnc3cncc(OCCc4cccc(C(F)(F)F)c4)n23)ccc1Cl)N1CC(O)C1,[*]OCCc1cccc(C(F)(F)F)c1,[*]c1ccc(Cl)c(C(=O)N2CC(O)C2)c1
UWTFLLTXTYLPFG-UHFFFAOYSA-N,Fc1ccc(CCOc2cncc3nnc(-c4ccc(OC(F)F)c(F)c4)n23)nc1,[*]OCCc1ccc(F)cn1,[*]c1ccc(OC(F)F)c(F)c1
WJRZAWJWFRMPJT-UHFFFAOYSA-N,CC(O)(c1ccc(-c2nnc3cncc(OCCc4ccoc4C(F)(F)F)n23)cc1)C1CC1,[*]OCCc1ccoc1C(F)(F)F,[*]c1ccc(C(C)(O)C2CC2)cc1
RJVFBMUXHNZZNM-UHFFFAOYSA-N,OC1COCN(Cc2cccc(-c3nnc4cncc(OCc5ccc(C(F)(F)F)cc5)n34)c2)C1,[*]OCc1ccc(C(F)(F)F)cc1,[*]c1cccc(CN2COCC(O)C2)c1
JDCOYCAUUONLMP-UHFFFAOYSA-N,OC1CN(Cc2cc(-c3nnc4cncc(OCC(F)(F)c5ccc(Cl)o5)n34)ccc2F)C1,[*]OCC(F)(F)c1ccc(Cl)o1,[*]c1ccc(F)c(CN2CC(O)C2)c1
IDONDXRUJCRCBQ-UHFFFAOYSA-N,N#Cc1cc(-c2nnc3cncc(OCCC(F)(F)c4ccsc4)n23)ccc1OC1COC1,[*]OCCC(F)(F)c1ccsc1,[*]c1ccc(OC2COC2)c(C#N)c1
KAMIEQTYJNYFII-UHFFFAOYSA-N,O=C(NCC(F)F)c1ccc(-c2nnc3cncc(OCCC(F)c4ccsc4)n23)o1,[*]OCCC(F)c1ccsc1,[*]c1ccc(C(=O)NCC(F)F)o1
JYBMEHHTFGRJKK-UHFFFAOYSA-N,O=C(c1ccc(-c2nnc3cncc(OCc4ccc(F)c(C(F)(F)F)c4)n23)o1)N1CCOC1,[*]OCc1ccc(F)c(C(F)(F)F)c1,[*]c1ccc(C(=O)N2CCOC2)o1
GULMKCQLXCHUGA-UHFFFAOYSA-N,OCC(CCOc1cncc2nnc(-c3ccc(-c4ccco4)c(F)c3)n12)C(F)(F)F,[*]OCCC(CO)C(F)(F)F,[*]c1ccc(-c2ccco2)c(F)c1
WOBAHMJGZWJRIX-UHFFFAOYSA-N,OC(F)(c1ccc(-c2nnc3cncc(OCCc4cccc(C(F)(F)F)c4)n23)o1)C1CC1,[*]OCCc1cccc(C(F)(F)F)c1,[*]c1ccc(C(O)(F)C2CC2)o1
GKDUTXHLBKXLEE-UHFFFAOYSA-N,CN(Cc1ccc(-c2nnc3cncc(OCC(F)(F)c4ccccc4)n23)cc1F)C1COC1,[*]OCC(F)(F)c1ccccc1,[*]c1ccc(CN(C)C2COC2)c(F)c1
SDLGGZBYKWRBBB-UHFFFAOYSA-N,CC(COc1cncc2nnc(-c3ccc(Cl)cc3)n12)C(O)Cc1ccc(C(F)(F)F)o1,[*]OCC(C)C(O)Cc1ccc(C(F)(F)F)o1,[*]c1ccc(Cl)cc1
DINCJPUITPEQAS-UHFFFAOYSA-N,Cc1cc(C(F)(F)CCOc2cncc3nnc(-c4ccc(C(C)(O)C5CC5)cc4)n23)no1,[*]OCCC(F)(F)c1cc(C)on1,[*]c1ccc(C(C)(O)C2CC2)cc1
IBSNNYCUIYWCDW-UHFFFAOYSA-N,FC(c1ccco1)C(F)(F)COc1cncc2nnc(-c3ccc(OC4COC4)c(Cl)c3)n12,[*]OCC(F)(F)C(F)c1ccco1,[*]c1ccc(OC2COC2)c(Cl)c1
IQRGFRCRIRPUIW-UHFFFAOYSA-N,O=C(NCC(F)F)c1ccc(-c2nnc3cncc(OCc4ccc(C(F)(F)F)cc4)n23)s1,[*]OCc1ccc(C(F)(F)F)cc1,[*]c1ccc(C(=O)NCC(F)F)s1
YWMWCOAWFOYEEE-UHFFFAOYSA-N,CC(O)(c1ccc(-c2nnc3cncc(OCCC(F)(F)c4ccc(F)cc4)n23)cc1)C1COC1,[*]OCCC(F)(F)c1ccc(F)cc1,[*]c1ccc(C(C)(O)C2COC2)cc1
IEXVMCILPCIWLN-UHFFFAOYSA-N,O=C(NCC(F)F)c1ccc(-c2nnc3cncc(OCC(F)(F)c4ccncc4)n23)o1,[*]OCC(F)(F)c1ccncc1,[*]c1ccc(C(=O)NCC(F)F)o1
IEUCYAZAIDGDFZ-UHFFFAOYSA-N,CC(CCOc1cncc2nnc(-c3ccc(C(=O)N4CC(O)C4)s3)n12)C(F)(F)C(F)(F)F,[*]OCCC(C)C(F)(F)C(F)(F)F,[*]c1ccc(C(=O)N2CC(O)C2)s1
CKCWUTOBGQCBAV-UHFFFAOYSA-N,O=C(NC1CC1)c1ccc(-c2nnc3cncc(OCC(F)(F)c4ccoc4C(F)(F)F)n23)cc1,[*]OCC(F)(F)c1ccoc1C(F)(F)F,[*]c1ccc(C(=O)NC2CC2)cc1
GTRUPUYMOJYZMM-UHFFFAOYSA-N,CC(O)(c1ccc(-c2nnc3cncc(OCCC(F)(F)c4ccccc4)n23)o1)C1CCOCC1,[*]OCCC(F)(F)c1ccccc1,[*]c1ccc(C(C)(O)C2CCOCC2)o1
WKBONQKGLULNEQ-UHFFFAOYSA-N,Cc1cocc1CCOc1cncc2nnc(-c3ccc(C(C)(O)c4ccc(F)c(F)c4)cc3)n12,[*]OCCc1cocc1C,[*]c1ccc(C(C)(O)c2ccc(F)c(F)c2)cc1
JONIUHSNDZRYBA-UHFFFAOYSA-N,Cc1c(-c2nnc3cncc(OCCc4ccc(-c5ccco5)o4)n23)ccc(F)c1F,[*]OCCc1ccc(-c2ccco2)o1,[*]c1ccc(F)c(F)c1C
UQDMPZXBLAITKY-UHFFFAOYSA-N,CC(O)(c1ccc(-c2nnc3cncc(OCCc4coc(C(F)(F)F)n4)n23)c(F)c1)C1CC1,[*]OCCc1coc(C(F)(F)F)n1,[*]c1ccc(C(C)(O)C2CC2)cc1F
JGGOOLADRXNTMT-UHFFFAOYSA-N,COc1ccc(-c2nnc3cncc(OCCc4ccco4)n23)cc1-c1ccc(F)c(F)c1,[*]OCCc1ccco1,[*]c1ccc(OC)c(-c2ccc(F)c(F)c2)c1
ZIXCPOXUYAWTTN-UHFFFAOYSA-N,FC(F)(F)c1ccc(COc2cncc3nnc(-c4ccc(-c5ccoc5)o4)n23)o1,[*]OCc1ccc(C(F)(F)F)o1,[*]c1ccc(-c2ccoc2)o1
XRAOQHCCXXERIE-UHFFFAOYSA-N,Oc1ccc(-c2ccc(-c3nnc4cncc(OCCC(F)c5ccco5)n34)o2)cc1,[*]OCCC(F)c1ccco1,[*]c1ccc(-c2ccc(O)cc2)o1
JWOSSJHKDZHQQW-UHFFFAOYSA-N,Fc1cc(-c2nnc3cncc(OCCC(F)(F)c4ccccn4)n23)ccc1OC(F)F,[*]OCCC(F)(F)c1ccccn1,[*]c1ccc(OC(F)F)c(F)c1
NJRVDAUFSWMGJN-UHFFFAOYSA-N,OC(F)(c1ccc(-c2nnc3cncc(OCCC(F)(F)c4ccccn4)n23)cc1F)C1CCC1,[*]OCCC(F)(F)c1ccccn1,[*]c1ccc(C(O)(F)C2CCC2)c(F)c1
DEGWKGKEGFINDL-UHFFFAOYSA-N,Cc1ccc(CCOc2cncc3nnc(-c4ccc(OCC5COCO5)cc4)n23)cc1C(F)(F)F,[*]OCCc1ccc(C)c(C(F)(F)F)c1,[*]c1ccc(OCC2COCO2)cc1
IGABQPPGAFACMG-UHFFFAOYSA-N,FC(F)Oc1ccc(-c2nnc3cncc(OCCC4CCOC4)n23)cc1C(F)(F)F,[*]OCCC1CCOC1,[*]c1ccc(OC(F)F)c(C(F)(F)F)c1
LMKVYIPEHMZEMM-UHFFFAOYSA-N,CC(O)(c1ccc(-c2nnc3cncc(OCCc4cccc(Cl)c4F)n23)cc1)C1CO1,[*]OCCc1cccc(Cl)c1F,[*]c1ccc(C(C)(O)C2CO2)cc1
BFTQYGGOUWRSKI-UHFFFAOYSA-N,CC1COCN1C(=O)c1cccc(-c2nnc3cncc(OCc4ccc(F)c(C(F)(F)F)c4)n23)c1,[*]OCc1ccc(F)c(C(F)(F)F)c1,[*]c1cccc(C(=O)N2COCC2C)c1
CWAFPPLHUKEPRE-UHFFFAOYSA-N,Fc1cc(-c2nnc3cncc(OCC(F)c4ccc(Cl)s4)n23)ccc1OC1COCOC1,[*]OCC(F)c1ccc(Cl)s1,[*]c1ccc(OC2COCOC2)c(F)c1
VNKHMCXHHNRVDP-UHFFFAOYSA-N,Fc1cc(-c2nnc3cncc(OCC4CCCO4)n23)c(Cl)cc1-c1ccsc1,[*]OCC1CCCO1,[*]c1cc(F)c(-c2ccsc2)cc1Cl
RQTWLVVBFGHZGJ-UHFFFAOYSA-N,CC(C)(CO)c1ccc(-c2nnc3cncc(OCCC(F)c4cc(Cl)ccc4F)n23)cn1,[*]OCCC(F)c1cc(Cl)ccc1F,[*]c1ccc(C(C)(C)CO)nc1
IJSNXYLOJWPODF-UHFFFAOYSA-N,O=C(NC1COC1)c1ccc(-c2nnc3cncc(OCc4ccc(Cl)s4)n23)cc1C(F)(F)F,[*]OCc1ccc(Cl)s1,[*]c1ccc(C(=O)NC2COC2)c(C(F)(F)F)c1
VNTVVYZYPXMLDV-UHFFFAOYSA-N,COc1ccc(-c2cc(-c3nnc4cncc(OCC(F)(F)F)n34)ccc2OC2COC2)cc1,[*]OCC(F)(F)F,[*]c1ccc(OC2COC2)c(-c2ccc(OC)cc2)c1
SQVSJOXQRYLDNC-UHFFFAOYSA-N,OC1COCN(Cc2ccc(-c3nnc4cncc(OCCc5cccc(C(F)(F)F)c5)n34)c(F)c2)C1,[*]OCCc1cccc(C(F)(F)F)c1,[*]c1ccc(CN2COCC(O)C2)cc1F
FDYFHHVNAASLJE-UHFFFAOYSA-N,Cn1cc(COc2cncc3nnc(-c4ccc(C(F)(F)F)cc4)n23)c(-c2ccccc2)n1,[*]OCc1cn(C)nc1-c1ccccc1,[*]c1ccc(C(F)(F)F)cc1
XJKQTBIYJUMEPH-UHFFFAOYSA-N,Cn1cc(-c2ccc(COc3cncc4nnc(-c5ccc(C(F)(F)F)cc5)n34)cc2)cn1,[*]OCc1ccc(-c2cnn(C)c2)cc1,[*]c1ccc(C(F)(F)F)cc1
SJXVNAPXGSUUQD-UHFFFAOYSA-N,Cc1cc(CCOc2cncc3nnc(-c4cccc(-c5ccc(F)c(F)c5)c4)n23)cnn1,[*]OCCc1cnnc(C)c1,[*]c1cccc(-c2ccc(F)c(F)c2)c1
PGZBEBPLOMADCG-UHFFFAOYSA-N,FC(F)(F)c1ccc(-c2nnc3cncc(OCc4nnc(-c5ccsc5)o4)n23)cc1,[*]OCc1nnc(-c2ccsc2)o1,[*]c1ccc(C(F)(F)F)cc1
PKNCYWRMLBXIPZ-UHFFFAOYSA-N,OCc1ccc(-c2nnc3cncc(OCCc4ccc(-c5cc(F)ccc5F)cc4)n23)cc1,[*]OCCc1ccc(-c2cc(F)ccc2F)cc1,[*]c1ccc(CO)cc1
FRCLPBPKGYGBOA-UHFFFAOYSA-N,Fc1cc(Cl)ccc1-c1nnc2cncc(OCc3ccc(OC(F)(F)F)cn3)n12,[*]OCc1ccc(OC(F)(F)F)cn1,[*]c1ccc(Cl)cc1F
GJOFVXHZNUAKAM-UHFFFAOYSA-N,Cn1nc(-c2ccc(F)cc2)cc1COc1cncc2nnc(-c3ccc(OC(F)F)cc3)n12,[*]OCc1cc(-c2ccc(F)cc2)nn1C,[*]c1ccc(OC(F)F)cc1
YKPQMGVROQZFAB-UHFFFAOYSA-N,COc1nnc(-c2cccc(COc3cncc4nnc(-c5ccc(C(F)(F)F)cc5)n34)c2)o1,[*]OCc1cccc(-c2nnc(OC)o2)c1,[*]c1ccc(C(F)(F)F)cc1
RJNCYJCFIOXUSC-UHFFFAOYSA-N,OCc1ccccc1-c1ccc(COc2cncc3nnc(-c4ccc(C(F)(F)F)nc4)n23)cc1,[*]OCc1ccc(-c2ccccc2CO)cc1,[*]c1ccc(C(F)(F)F)nc1
HBTFEERZCQNOGG-UHFFFAOYSA-N,Cn1c(CO)ccc1-c1ccc(Oc2cncc3nnc(-c4ccc(OC(F)F)cc4F)n23)cc1,[*]Oc1ccc(-c2ccc(CO)n2C)cc1,[*]c1ccc(OC(F)F)cc1F
YUQWYCOLPFYXBF-UHFFFAOYSA-N,Fc1cc(-c2nnc3cncc(OCCc4ccsc4)n23)ccc1-c1cc[nH]n1,[*]OCCc1ccsc1,[*]c1ccc(-c2cc[nH]n2)c(F)c1
ZFCGCHAQEOKOJU-UHFFFAOYSA-N,Cc1oc(C(F)(F)F)cc1COc1cncc2nnc(-c3ccc(C(=O)N4CC(F)C4)o3)n12,[*]OCc1cc(C(F)(F)F)oc1C,[*]c1ccc(C(=O)N2CC(F)C2)o1
LWEQLHZXKGSXOM-UHFFFAOYSA-N,FC(F)(F)c1ccc(COc2cncc3nnc(-c4ccc(CNC5CCOCC5)o4)n23)cc1,[*]OCc1ccc(C(F)(F)F)cc1,[*]c1ccc(CNC2CCOCC2)o1
BUPSUISSQFXTNW-UHFFFAOYSA-N,FC(F)(F)c1ccc(CCOc2cncc3nnc(-c4ccc(COC5COC5)cc4)n23)o1,[*]OCCc1ccc(C(F)(F)F)o1,[*]c1ccc(COC2COC2)cc1
XEYOFFVOPVOJKF-UHFFFAOYSA-N,OC1(COCc2cccc(-c3nnc4cncc(OCc5ccc(C(F)(F)F)o5)n34)c2)CC1,[*]OCc1ccc(C(F)(F)F)o1,[*]c1cccc(COCC2(O)CC2)c1
OHQFHFBFHWOQHD-UHFFFAOYSA-N,CC(O)(c1ccc(-c2nnc3cncc(OCc4cccc(C(F)(F)F)c4)n23)o1)C1OCCO1,[*]OCc1cccc(C(F)(F)F)c1,[*]c1ccc(C(C)(O)C2OCCO2)o1
IVAHBSNHXXEELN-UHFFFAOYSA-N,FC(F)(F)c1ccc(COc2cncc3nnc(-c4ccc(OC5COCOC5)cc4)n23)o1,[*]OCc1ccc(C(F)(F)F)o1,[*]c1ccc(OC2COCOC2)cc1
WBOZDBNXTUGWPC-UHFFFAOYSA-N,FC(F)(F)c1ccc(CCOc2cncc3nnc(-c4cccc(COC5COC5)c4)n23)o1,[*]OCCc1ccc(C(F)(F)F)o1,[*]c1cccc(COC2COC2)c1
CLWWFNTUAZSBRY-UHFFFAOYSA-N,OC1CCN(Cc2ccc(-c3nnc4cncc(OCc5coc(C(F)(F)F)c5)n34)c(F)c2)C1,[*]OCc1coc(C(F)(F)F)c1,[*]c1ccc(CN2CCC(O)C2)cc1F
JENAFMRTFBYLKQ-UHFFFAOYSA-N,FC(F)(F)c1ccc(COc2cncc3nnc(-c4coc(OC5COC5)c4)n23)cc1,[*]OCc1ccc(C(F)(F)F)cc1,[*]c1coc(OC2COC2)c1
MWVBKNMQXANNLM-UHFFFAOYSA-N,FC(F)(F)c1ccc(COc2cncc3nnc(-c4ccc(OC5CCOCC5)cc4)n23)o1,[*]OCc1ccc(C(F)(F)F)o1,[*]c1ccc(OC2CCOCC2)cc1
LBVSLXQPKVIZHA-UHFFFAOYSA-N,FC(F)(F)c1ccc(COc2cncc3nnc(-c4coc(COC5CCOC5)c4)n23)cc1,[*]OCc1ccc(C(F)(F)F)cc1,[*]c1coc(COC2CCOC2)c1
OPMKFMJRJZUGMD-UHFFFAOYSA-N,OC1CCN(Cc2ccc(-c3nnc4cncc(OCc5ccc(C(F)(F)F)o5)n34)c(F)c2)C1,[*]OCc1ccc(C(F)(F)F)o1,[*]c1ccc(CN2CCC(O)C2)cc1F
NUKQNHDMVOGYCX-UHFFFAOYSA-N,FC(F)(F)c1ccc(COc2cncc3nnc(-c4ccc(COC5CC5)cc4)n23)o1,[*]OCc1ccc(C(F)(F)F)o1,[*]c1ccc(COC2CC2)cc1
PAEKPKYHLWVOMT-UHFFFAOYSA-N,CC1(COc2ccc(-c3nnc4cncc(OCc5ccc(C(F)(F)F)o5)n34)cc2)COC1,[*]OCc1ccc(C(F)(F)F)o1,[*]c1ccc(OCC2(C)COC2)cc1
RAZOIDJYFCZJGN-UHFFFAOYSA-N,FC(F)(F)c1ccc(COc2cncc3nnc(-c4ccc(OC5COC5)s4)n23)s1,[*]OCc1ccc(C(F)(F)F)s1,[*]c1ccc(OC2COC2)s1
GSTNGBOSTROUKZ-UHFFFAOYSA-N,Fc1cc(CCNC2COC2)ccc1-c1nnc2cncc(OCc3ccc(C(F)(F)F)o3)n12,[*]OCc1ccc(C(F)(F)F)o1,[*]c1ccc(CCNC2COC2)cc1F
XPARDVFICIMWDX-UHFFFAOYSA-N,Fc1ccc(-c2nnc3cncc(OCc4ccc(C(F)(F)F)o4)n23)cc1OC1COC1,[*]OCc1ccc(C(F)(F)F)o1,[*]c1ccc(F)c(OC2COC2)c1
NFNRNSKYELUMJL-UHFFFAOYSA-N,FC(F)(F)c1cc(COc2cncc3nnc(-c4ccc(OC5CCCOC5)cc4)n23)co1,[*]OCc1coc(C(F)(F)F)c1,[*]c1ccc(OC2CCCOC2)cc1
GYVJEQWJUAEHQQ-UHFFFAOYSA-N,CC(O)(c1ccc(-c2nnc3cncc(OCc4ccc(C(F)(F)F)s4)n23)cc1)C1COC1,[*]OCc1ccc(C(F)(F)F)s1,[*]c1ccc(C(C)(O)C2COC2)cc1
UIKYCOPAJCYKBS-UHFFFAOYSA-N,FC(F)(F)c1ccc(COc2cncc3nnc(-c4cccc(OC5COC5)c4)n23)s1,[*]OCc1ccc(C(F)(F)F)s1,[*]c1cccc(OC2COC2)c1
ZHRDBZFYOILDNX-UHFFFAOYSA-N,OCc1cc(-c2nnc3cncc(OCCCc4ccsc4)n23)ccc1OC(F)(F)F,[*]OCCCc1ccsc1,[*]c1ccc(OC(F)(F)F)c(CO)c1
HNWNANCSYFUQJM-UHFFFAOYSA-N,FC(F)(F)c1ccc(CCOc2cncc3nnc(-c4cccc(OC5CCOC5)c4)n23)o1,[*]OCCc1ccc(C(F)(F)F)o1,[*]c1cccc(OC2CCOC2)c1
ZVUXTXDIXHHBCO-UHFFFAOYSA-N,Fc1ccc(COc2cncc3nnc(-c4coc(CN5CCCC5)c4)n23)cc1C(F)(F)F,[*]OCc1ccc(F)c(C(F)(F)F)c1,[*]c1coc(CN2CCCC2)c1
XNAAETFRRHFLQU-UHFFFAOYSA-N,FC(F)(F)c1ccc(CCOc2cncc3nnc(-c4ccc(COC5CCOC5)cc4)n23)o1,[*]OCCc1ccc(C(F)(F)F)o1,[*]c1ccc(COC2CCOC2)cc1
LKNBYCYDVILZOT-UHFFFAOYSA-N,FC(F)(F)c1ccc(COc2cncc3nnc(-c4ccc(OC5CCC5)cc4)n23)o1,[*]OCc1ccc(C(F)(F)F)o1,[*]c1ccc(OC2CCC2)cc1
NQQWFXNSYZATGJ-UHFFFAOYSA-N,FC(F)(F)c1ccc(CCOc2cncc3nnc(-c4cccc(COC5CCOC5)c4)n23)o1,[*]OCCc1ccc(C(F)(F)F)o1,[*]c1cccc(COC2CCOC2)c1
RKZCNLJZFMAORH-UHFFFAOYSA-N,FC(F)(F)c1ccc(COc2cncc3nnc(-c4ccc(Cl)c(CNC5COC5)c4)n23)o1,[*]OCc1ccc(C(F)(F)F)o1,[*]c1ccc(Cl)c(CNC2COC2)c1
QTLKQLTWYSFTMN-UHFFFAOYSA-N,O=C(NC1CC1)c1ccc(-c2nnc3cncc(OCCc4ccc(C(F)(F)F)o4)n23)cc1F,[*]OCCc1ccc(C(F)(F)F)o1,[*]c1ccc(C(=O)NC2CC2)c(F)c1
SAMZRPKQXVSVEQ-UHFFFAOYSA-N,OC1CN(Cc2ccc(-c3nnc4cncc(OCc5ccc(C(F)(F)F)s5)n34)c(F)c2)C1,[*]OCc1ccc(C(F)(F)F)s1,[*]c1ccc(CN2CC(O)C2)cc1F
TUZCUBFOTBXSSX-UHFFFAOYSA-N,Fc1cc(-c2nnc3cncc(OCc4ccc(C(F)(F)F)cc4)n23)ccc1CNC1COC1,[*]OCc1ccc(C(F)(F)F)cc1,[*]c1ccc(CNC2COC2)c(F)c1
XFISLYMWCSVEIY-UHFFFAOYSA-N,FC(F)CNCc1cc(-c2nnc3cncc(OCc4ccccc4C(F)(F)F)n23)co1,[*]OCc1ccccc1C(F)(F)F,[*]c1coc(CNCC(F)F)c1
VLNHJMRYYSWFJF-UHFFFAOYSA-N,FC(F)(F)c1cccc(CCOc2cncc3nnc(-c4ccc(COC5COC5)s4)n23)c1,[*]OCCc1cccc(C(F)(F)F)c1,[*]c1ccc(COC2COC2)s1
XMLKPRDDNOEYPO-UHFFFAOYSA-N,OC1(COCc2ccc(-c3nnc4cncc(OCc5ccc(C(F)(F)F)o5)n34)c(F)c2)CC1,[*]OCc1ccc(C(F)(F)F)o1,[*]c1ccc(COCC2(O)CC2)cc1F
MCNJBRGGQTYCCL-UHFFFAOYSA-N,Fc1ccc(COc2cncc3nnc(-c4ccc(CNC5CC5)s4)n23)cc1C(F)(F)F,[*]OCc1ccc(F)c(C(F)(F)F)c1,[*]c1ccc(CNC2CC2)s1
SWNWSRLBYZAYRL-UHFFFAOYSA-N,FC(F)(F)c1ccc(COc2cncc3nnc(-c4cccc(OC5CCCOC5)c4)n23)o1,[*]OCc1ccc(C(F)(F)F)o1,[*]c1cccc(OC2CCCOC2)c1
YQRDQVWHOJFWQQ-UHFFFAOYSA-N,FC(F)(F)Oc1ccccc1COc1cncc2nnc(-c3ccc(C4COC4)s3)n12,[*]OCc1ccccc1OC(F)(F)F,[*]c1ccc(C2COC2)s1
NVPWIIFTUKGLPR-UHFFFAOYSA-N,Fc1cc(CNC2CCC2)ccc1-c1nnc2cncc(OCc3ccc(C(F)(F)F)o3)n12,[*]OCc1ccc(C(F)(F)F)o1,[*]c1ccc(CNC2CCC2)cc1F
YSKOYWIWBQAIGZ-UHFFFAOYSA-N,Cc1oc(C(F)(F)F)cc1COc1cncc2nnc(-c3ccc(C(=O)NC4CC4)cc3F)n12,[*]OCc1cc(C(F)(F)F)oc1C,[*]c1ccc(C(=O)NC2CC2)cc1F
JLLQWDDCQYLYAR-UHFFFAOYSA-N,FC(F)(F)c1cc(COc2cncc3nnc(-c4ccc(OC5COC5)o4)n23)ccc1Cl,[*]OCc1ccc(Cl)c(C(F)(F)F)c1,[*]c1ccc(OC2COC2)o1
DDBUBPOVTHRBKI-UHFFFAOYSA-N,O=C(OC1COC1)c1ccc(-c2nnc3cncc(OCc4cccc(C(F)(F)F)c4)n23)cc1,[*]OCc1cccc(C(F)(F)F)c1,[*]c1ccc(C(=O)OC2COC2)cc1
CSLLWWWDEKQDIH-UHFFFAOYSA-N,FC1(F)CN(Cc2cccc(-c3nnc4cncc(OCc5ccc(C(F)(F)F)o5)n34)c2)C1,[*]OCc1ccc(C(F)(F)F)o1,[*]c1cccc(CN2CC(F)(F)C2)c1
VPVVKMMCCKUSEN-UHFFFAOYSA-N,FC(F)(F)c1ccc(COc2cncc3nnc(-c4ccc(COC5CCCO5)o4)n23)cc1,[*]OCc1ccc(C(F)(F)F)cc1,[*]c1ccc(COC2CCCO2)o1
SNDFYRDAMKSUIT-UHFFFAOYSA-N,CC(O)(c1ccc(-c2nnc3cncc(OCc4ccc(C(F)(F)F)cc4)n23)cc1)C1CNC1,[*]OCc1ccc(C(F)(F)F)cc1,[*]c1ccc(C(C)(O)C2CNC2)cc1
NRBQLBNHDLOHBZ-UHFFFAOYSA-N,FC(F)(F)Oc1ccc(-c2nnc3cncc(OCCc4ccsc4)n23)cc1OC1COC1,[*]OCCc1ccsc1,[*]c1ccc(OC(F)(F)F)c(OC2COC2)c1
MTPSTWCIAFRCEN-UHFFFAOYSA-N,CC(O)(c1ccc(-c2nnc3cncc(OCc4ccc(C(F)(F)F)o4)n23)cc1)C1CCC1,[*]OCc1ccc(C(F)(F)F)o1,[*]c1ccc(C(C)(O)C2CCC2)cc1
BGTZYCVLPRTGMK-UHFFFAOYSA-N,Fc1ccc(-c2nnc3cncc(OCc4ccc(C(F)(F)F)cc4)n23)cc1OC1COC1,[*]OCc1ccc(C(F)(F)F)cc1,[*]c1ccc(F)c(OC2COC2)c1
YERQPOIZLFALBV-UHFFFAOYSA-N,FC(F)(F)c1ccc(COc2cncc3nnc(-c4ccc(Cl)c(CN5CCOC5)c4)n23)o1,[*]OCc1ccc(C(F)(F)F)o1,[*]c1ccc(Cl)c(CN2CCOC2)c1
QFBBJRVOCCLKFU-UHFFFAOYSA-N,FC(F)(F)c1ccc(COc2cncc3nnc(-c4ccc(Cl)cc4CN4CCC4)n23)o1,[*]OCc1ccc(C(F)(F)F)o1,[*]c1ccc(Cl)cc1CN1CCC1
JUYXDGNWJLNBOZ-UHFFFAOYSA-N,OC(F)(c1ccc(-c2nnc3cncc(OCc4ccc(C(F)(F)F)o4)n23)cc1F)C1CC1,[*]OCc1ccc(C(F)(F)F)o1,[*]c1ccc(C(O)(F)C2CC2)c(F)c1
CZVTURYKDMVMJG-UHFFFAOYSA-N,Fc1ccc(COC2CCOC2)cc1-c1nnc2cncc(OCc3ccc(C(F)(F)F)o3)n12,[*]OCc1ccc(C(F)(F)F)o1,[*]c1cc(COC2CCOC2)ccc1F
IZIBIBWCFQNSME-UHFFFAOYSA-N,Fc1cc(-c2nnc3cncc(OCc4ccc(C(F)(F)F)o4)n23)ccc1COC1CCOC1,[*]OCc1ccc(C(F)(F)F)o1,[*]c1ccc(COC2CCOC2)c(F)c1
QBFQJMQXGTWURL-UHFFFAOYSA-N,O=C(c1ccc(-c2nnc3cncc(OCc4ccc(C(F)(F)F)o4)n23)cc1F)N1CCCC1,[*]OCc1ccc(C(F)(F)F)o1,[*]c1ccc(C(=O)N2CCCC2)c(F)c1
JYXRCOYMMPBCOF-UHFFFAOYSA-N,FC(F)(F)c1cccc(COc2cncc3nnc(-c4cccc(COC5CCNC5)c4)n23)c1,[*]OCc1cccc(C(F)(F)F)c1,[*]c1cccc(COC2CCNC2)c1
GAFQASARQHPTFQ-UHFFFAOYSA-N,O=C(NCc1ccc(-c2nnc3cncc(OCc4ccc(C(F)(F)F)cc4)n23)cc1)C1CC1,[*]OCc1ccc(C(F)(F)F)cc1,[*]c1ccc(CNC(=O)C2CC2)cc1
PMMWYWBSVZJPHC-UHFFFAOYSA-N,FC(F)(F)c1cccc(COc2cncc3nnc(-c4ccc(COCC5COC5)cn4)n23)c1,[*]OCc1cccc(C(F)(F)F)c1,[*]c1ccc(COCC2COC2)cn1
VIRAVBIXKUJORI-UHFFFAOYSA-N,Cc1ccc(C(F)(F)F)cc1COc1cncc2nnc(-c3ccc(OC4CCOC4)o3)n12,[*]OCc1cc(C(F)(F)F)ccc1C,[*]c1ccc(OC2CCOC2)o1
OKZDDLLOTRJIJU-UHFFFAOYSA-N,Fc1cc(-c2nnc3cncc(OCc4ccccc4C(F)(F)F)n23)ccc1OC1COC1,[*]OCc1ccccc1C(F)(F)F,[*]c1ccc(OC2COC2)c(F)c1
FSUFPZHHNLFOTH-UHFFFAOYSA-N,Cc1ccc(-c2nnc3cncc(OCc4ccc(C(F)(F)F)o4)n23)cc1OCC1CCCO1,[*]OCc1ccc(C(F)(F)F)o1,[*]c1ccc(C)c(OCC2CCCO2)c1
SDXJCZVTLPBPAG-UHFFFAOYSA-N,O=C(c1ccc(-c2nnc3cncc(OCc4ccc(C(F)(F)F)o4)n23)cc1)N1CC(F)(F)C1,[*]OCc1ccc(C(F)(F)F)o1,[*]c1ccc(C(=O)N2CC(F)(F)C2)cc1
CHTTZWYIEFUXOZ-UHFFFAOYSA-N,O=C(c1ccc(-c2nnc3cncc(OCc4ccc(C(F)(F)F)cc4)n23)c(F)c1)N1CCC1,[*]OCc1ccc(C(F)(F)F)cc1,[*]c1ccc(C(=O)N2CCC2)cc1F
AAEHWLBRSUOUBK-UHFFFAOYSA-N,Fc1ccc(COc2cncc3nnc(-c4ccc(COC5COC5)s4)n23)cc1C(F)(F)F,[*]OCc1ccc(F)c(C(F)(F)F)c1,[*]c1ccc(COC2COC2)s1
JDQUQBJJSKERGV-UHFFFAOYSA-N,O=C(NC1CC1)c1ccc(-c2nnc3cncc(OCc4csc(C(F)(F)F)c4)n23)c(F)c1,[*]OCc1csc(C(F)(F)F)c1,[*]c1ccc(C(=O)NC2CC2)cc1F
WPHINTOTKROMAM-UHFFFAOYSA-N,FC1(F)CN(Cc2ccc(-c3nnc4cncc(OCCc5ccc(C(F)(F)F)o5)n34)cc2)C1,[*]OCCc1ccc(C(F)(F)F)o1,[*]c1ccc(CN2CC(F)(F)C2)cc1
IYJGHDVUIBSXQP-UHFFFAOYSA-N,OC1(COCc2ccc(-c3nnc4cncc(OCCc5cccc(C(F)(F)F)c5)n34)cc2)CC1,[*]OCCc1cccc(C(F)(F)F)c1,[*]c1ccc(COCC2(O)CC2)cc1
KVVUMTSYWZUHFA-UHFFFAOYSA-N,CC(O)(c1ccc(-c2nnc3cncc(OCCc4cscc4C(F)(F)F)n23)cc1)C1COC1,[*]OCCc1cscc1C(F)(F)F,[*]c1ccc(C(C)(O)C2COC2)cc1
PJXBFAVIDIQANL-UHFFFAOYSA-N,O=C(c1ccc(-c2nnc3cncc(OCc4ccc(C(F)(F)F)cc4)n23)cc1)C1CC1,[*]OCc1ccc(C(F)(F)F)cc1,[*]c1ccc(C(=O)C2CC2)cc1
XDSOGOGHSCFLOW-UHFFFAOYSA-N,FC(F)(F)c1ccc(COc2cncc3nnc(-c4ccc(C5CCO5)cc4)n23)cc1,[*]OCc1ccc(C(F)(F)F)cc1,[*]c1ccc(C2CCO2)cc1
HOUDEYDSKAPWRK-UHFFFAOYSA-N,CC(C)(O)c1ccc(-c2nnc3cncc(OCCc4coc(-c5ccoc5)c4)n23)cc1F,[*]OCCc1coc(-c2ccoc2)c1,[*]c1ccc(C(C)(C)O)c(F)c1
UAFSALIVOVYKJS-UHFFFAOYSA-N,FC(F)(F)c1cccc(COc2cncc3nnc(-c4ccc(C5(F)COC5)cc4)n23)c1,[*]OCc1cccc(C(F)(F)F)c1,[*]c1ccc(C2(F)COC2)cc1
IOWRLDWAGSUWOK-UHFFFAOYSA-N,COC(F)(F)c1ccc(-c2nnc3cncc(OCc4cccc(C5COC5)c4)n23)c(C)c1,[*]OCc1cccc(C2COC2)c1,[*]c1ccc(C(F)(F)OC)cc1C
RYYHXLKIBYDMPY-UHFFFAOYSA-N,FC(F)(F)c1ccc(COc2cncc3nnc(-c4ccc(COC5COCCO5)cc4)n23)cc1,[*]OCc1ccc(C(F)(F)F)cc1,[*]c1ccc(COC2COCCO2)cc1
WERNJSXMICAQPA-UHFFFAOYSA-N,OC(c1ccc(-c2nnc3cncc(OCCc4ccsc4)n23)cc1F)(C1CC1)C(F)(F)F,[*]OCCc1ccsc1,[*]c1ccc(C(O)(C2CC2)C(F)(F)F)c(F)c1
GGYIQXCXSNZDBB-UHFFFAOYSA-N,Fc1cc(OC2CCCOC2)ccc1-c1nnc2cncc(OCc3ccc(C(F)(F)F)o3)n12,[*]OCc1ccc(C(F)(F)F)o1,[*]c1ccc(OC2CCCOC2)cc1F
ZOMNCLRWCPLCAA-UHFFFAOYSA-N,O=C(NC1CCOC1)c1ccc(-c2nnc3cncc(OCc4coc(C(F)(F)F)c4)n23)c(F)c1,[*]OCc1coc(C(F)(F)F)c1,[*]c1ccc(C(=O)NC2CCOC2)cc1F
PPZGBVQVDWHXPB-UHFFFAOYSA-N,O=C(NC1CC1(F)F)c1ccc(-c2nnc3cncc(OCc4ccc(C(F)(F)F)o4)n23)cc1,[*]OCc1ccc(C(F)(F)F)o1,[*]c1ccc(C(=O)NC2CC2(F)F)cc1
BTKIGIIZJWFEJI-UHFFFAOYSA-N,O=C(NC1CC1)c1ccc(-c2nnc3cncc(OCc4ccc(C(F)(F)F)s4)n23)cc1F,[*]OCc1ccc(C(F)(F)F)s1,[*]c1ccc(C(=O)NC2CC2)c(F)c1
HLBJMHXYLNVHRE-UHFFFAOYSA-N,OC1(c2cccc(COc3cncc4nnc(-c5ccc(OC(F)(F)F)cc5)n34)c2)CCOCC1,[*]OCc1cccc(C2(O)CCOCC2)c1,[*]c1ccc(OC(F)(F)F)cc1
SLJUYODAKVBGBE-UHFFFAOYSA-N,FC(F)(F)c1ccc(COc2cncc3nnc(-c4ccc(OC5CCOC5)c(Cl)c4)n23)o1,[*]OCc1ccc(C(F)(F)F)o1,[*]c1ccc(OC2CCOC2)c(Cl)c1
VHIHOPHUYKDPTF-UHFFFAOYSA-N,FC(F)(F)c1cccc(CCOc2cncc3nnc(-c4cccc(C5(F)COC5)c4)n23)c1,[*]OCCc1cccc(C(F)(F)F)c1,[*]c1cccc(C2(F)COC2)c1
BMRUHDZJILBOQU-UHFFFAOYSA-N,CC(O)(c1cccc(-c2nnc3cncc(OCc4ccc(C(F)(F)F)o4)n23)c1)C1CCOCC1,[*]OCc1ccc(C(F)(F)F)o1,[*]c1cccc(C(C)(O)C2CCOCC2)c1
ZEJIFYQCTWKTKH-UHFFFAOYSA-N,CC(F)(F)c1cc(COc2cncc3nnc(-c4ccc(OC(F)(F)F)cc4)n23)co1,[*]OCc1coc(C(C)(F)F)c1,[*]c1ccc(OC(F)(F)F)cc1
IWTXDXGHHBXRJT-UHFFFAOYSA-N,FC(F)(F)c1ccc(COc2cncc3nnc(-c4ccc(Cn5ccnc5)o4)n23)cc1,[*]OCc1ccc(C(F)(F)F)cc1,[*]c1ccc(Cn2ccnc2)o1
KNGXIDGQYUDODC-UHFFFAOYSA-N,CC(O)(c1ccc(-c2nnc3cncc(OCc4ccc(C(F)(F)F)cc4)n23)o1)C1CCOCC1,[*]OCc1ccc(C(F)(F)F)cc1,[*]c1ccc(C(C)(O)C2CCOCC2)o1
AWLDGKNIAVWXPR-UHFFFAOYSA-N,FC(F)(F)Oc1cccc(CCOc2cncc3nnc(-c4ccc(COC5COC5)cc4)n23)c1,[*]OCCc1cccc(OC(F)(F)F)c1,[*]c1ccc(COC2COC2)cc1
GDAFUEXELFKQLR-UHFFFAOYSA-N,O=C1OCCC1Oc1ccc(-c2nnc3cncc(OCc4ccc(C(F)(F)F)cc4)n23)cc1,[*]OCc1ccc(C(F)(F)F)cc1,[*]c1ccc(OC2CCOC2=O)cc1
COGWHXIAWGEWOS-UHFFFAOYSA-N,Fc1ccsc1CCOc1cncc2nnc(-c3ccc(OC(F)(F)F)cc3)n12,[*]OCCc1sccc1F,[*]c1ccc(OC(F)(F)F)cc1
CUPPIVUMDUDWTM-UHFFFAOYSA-N,O=C(NCc1ccc(-c2nnc3cncc(OCc4ccc(C(F)(F)F)o4)n23)cc1)C1(F)CC1,[*]OCc1ccc(C(F)(F)F)o1,[*]c1ccc(CNC(=O)C2(F)CC2)cc1
VPVPEPMPWCZQPS-UHFFFAOYSA-N,OC1(COCc2ccc(-c3nnc4cncc(OCc5ccc(C(F)(F)F)cc5)n34)cc2)CCC1,[*]OCc1ccc(C(F)(F)F)cc1,[*]c1ccc(COCC2(O)CCC2)cc1
DYICFUDJWLIZGF-UHFFFAOYSA-N,FC(F)(F)c1ccc(COc2cncc3nnc(-c4ccc(Cl)cc4OC4COC4)n23)cc1,[*]OCc1ccc(C(F)(F)F)cc1,[*]c1ccc(Cl)cc1OC1COC1
BHHGIIYKMIIGCM-UHFFFAOYSA-N,CC(C)(F)c1ccc(COc2cncc3nnc(-c4ccc(F)c(OC(F)F)c4)n23)o1,[*]OCc1ccc(C(C)(C)F)o1,[*]c1ccc(F)c(OC(F)F)c1
ZJQNNNXFHLVWMD-UHFFFAOYSA-N,Cc1cc(-c2nnc3cncc(OCc4cccc(C(F)(F)F)c4)n23)ccc1C(=O)N1CCCO1,[*]OCc1cccc(C(F)(F)F)c1,[*]c1ccc(C(=O)N2CCCO2)c(C)c1
SSQRODQFBRKLCB-UHFFFAOYSA-N,FC(F)(F)c1ccc(COc2cncc3nnc(-c4ccc5c(c4)OCC5)n23)cc1,[*]OCc1ccc(C(F)(F)F)cc1,[*]c1ccc2c(c1)OCC2
GELLDTKUQDFYMR-UHFFFAOYSA-N,Fc1cc(C2COC2)ccc1-c1nnc2cncc(OCc3ccc(C(F)(F)F)cn3)n12,[*]OCc1ccc(C(F)(F)F)cn1,[*]c1ccc(C2COC2)cc1F
JPXHFCOQVPAVQF-UHFFFAOYSA-N,O=C(OCC1CCO1)c1ccc(-c2nnc3cncc(OCc4ccc(C(F)(F)F)cc4)n23)cc1,[*]OCc1ccc(C(F)(F)F)cc1,[*]c1ccc(C(=O)OCC2CCO2)cc1
ZNFNMMSMLMSPTB-UHFFFAOYSA-N,FC(F)(F)c1ccc(COc2cncc3nnc(-c4ccc(COC5CCOC5)cn4)n23)cc1,[*]OCc1ccc(C(F)(F)F)cc1,[*]c1ccc(COC2CCOC2)cn1
KMHWHBRXWMQFJL-UHFFFAOYSA-N,O=C(NC1COC1)c1ccc(-c2nnc3cncc(OCc4ccc(Cl)c(C(F)(F)F)c4)n23)o1,[*]OCc1ccc(Cl)c(C(F)(F)F)c1,[*]c1ccc(C(=O)NC2COC2)o1
COSDVJPNUADJPT-UHFFFAOYSA-N,OCC1(OCc2ccc(-c3nnc4cncc(OCc5ccc(OC(F)(F)F)cc5)n34)cc2)CC1,[*]OCc1ccc(OC(F)(F)F)cc1,[*]c1ccc(COC2(CO)CC2)cc1
NZLIMLPMAMJFQI-UHFFFAOYSA-N,OC1(COCc2ccc(-c3nnc4cncc(OCCc5cccc(C(F)(F)F)c5)n34)cn2)CC1,[*]OCCc1cccc(C(F)(F)F)c1,[*]c1ccc(COCC2(O)CC2)nc1
QIZHBYHSRNWAEC-UHFFFAOYSA-N,OC1CN(Cc2cc(-c3nnc4cncc(OCCC(F)(F)c5cccc(F)c5)n34)ccc2F)C1,[*]OCCC(F)(F)c1cccc(F)c1,[*]c1ccc(F)c(CN2CC(O)C2)c1
XUHMPKCFUWFUOD-UHFFFAOYSA-N,O=C(NC1COC1)c1ccc(-c2nnc3cncc(OCc4csc(C(F)(F)F)c4)n23)c(F)c1,[*]OCc1csc(C(F)(F)F)c1,[*]c1ccc(C(=O)NC2COC2)cc1F
JOUJJZJPMHLBLI-UHFFFAOYSA-N,Cc1oc(C(F)(F)F)cc1COc1cncc2nnc(-c3ccc(C(=O)N4CC(C)(F)C4)cc3)n12,[*]OCc1cc(C(F)(F)F)oc1C,[*]c1ccc(C(=O)N2CC(C)(F)C2)cc1
AGNOJWZHFOMPPS-UHFFFAOYSA-N,Fc1ccc(COc2cncc3nnc(-c4ccc(COC5CCO5)cc4)n23)cc1C(F)(F)F,[*]OCc1ccc(F)c(C(F)(F)F)c1,[*]c1ccc(COC2CCO2)cc1
PWPUGXHOGKEGGA-UHFFFAOYSA-N,FC(F)(F)c1ccc(COc2cncc3nnc(-c4ccc(COC5CC=CCO5)cc4)n23)o1,[*]OCc1ccc(C(F)(F)F)o1,[*]c1ccc(COC2CC=CCO2)cc1
QLCYMJYHTSBBPD-UHFFFAOYSA-N,CC(O)(c1ccc(-c2nnc3cncc(OCCc4ccsc4)n23)c(F)c1)c1ccco1,[*]OCCc1ccsc1,[*]c1ccc(C(C)(O)c2ccco2)cc1F
PMXMMAYWUQLFDD-UHFFFAOYSA-N,FC(F)(F)c1cccc(CCOc2cncc3nnc(-c4cccc(COC5CCOC5)c4)n23)c1,[*]OCCc1cccc(C(F)(F)F)c1,[*]c1cccc(COC2CCOC2)c1
QLBNHHCLAQMDCL-UHFFFAOYSA-N,CC(O)(F)c1ccc(-c2nnc3cncc(OCCc4csc5ccccc45)n23)cc1F,[*]OCCc1csc2ccccc12,[*]c1ccc(C(C)(O)F)c(F)c1
MDRVASJHBDHWCW-UHFFFAOYSA-N,O=C(c1cccc(-c2nnc3cncc(OCc4cccc(C(F)(F)F)c4)n23)c1)C1CCOCC1,[*]OCc1cccc(C(F)(F)F)c1,[*]c1cccc(C(=O)C2CCOCC2)c1
KUTYKGBGULDHBN-UHFFFAOYSA-N,OC1(COCc2ccc(-c3nnc4cncc(OCCc5ccc(C(F)(F)F)o5)n34)c(F)c2)CC1,[*]OCCc1ccc(C(F)(F)F)o1,[*]c1ccc(COCC2(O)CC2)cc1F
PBYVQWMPEGQXHU-UHFFFAOYSA-N,Fc1cc(COc2cncc3nnc(-c4ccc(N5CCCOC5)cc4)n23)cc(C(F)(F)F)c1,[*]OCc1cc(F)cc(C(F)(F)F)c1,[*]c1ccc(N2CCCOC2)cc1
ZEBRQSLVNUJLOF-UHFFFAOYSA-N,CC(O)(c1ccccc1)c1ccc(-c2nnc3cncc(OCCc4ccco4)n23)c(F)c1,[*]OCCc1ccco1,[*]c1ccc(C(C)(O)c2ccccc2)cc1F
QWLKZNAGZPFVCK-UHFFFAOYSA-N,FC(F)(F)Oc1cccc(COc2cncc3nnc(-c4ccc(COC5CCOC5)cc4)n23)c1,[*]OCc1cccc(OC(F)(F)F)c1,[*]c1ccc(COC2CCOC2)cc1
VKRDRVNOPGLDOL-UHFFFAOYSA-N,CC(F)(F)c1ccc(COc2cncc3nnc(-c4ccc(C(F)(F)F)nc4)n23)o1,[*]OCc1ccc(C(C)(F)F)o1,[*]c1ccc(C(F)(F)F)nc1
NQOXUQHNPCPZRZ-UHFFFAOYSA-N,CC(C)(O)c1ccc(-c2nnc3cncc(OCc4ccc(-c5ccoc5)cc4)n23)cc1F,[*]OCc1ccc(-c2ccoc2)cc1,[*]c1ccc(C(C)(C)O)c(F)c1
UNZIWMAKVMGBAG-UHFFFAOYSA-N,O=C(c1ccc(-c2nnc3cncc(OCc4cccc(C(F)(F)F)c4)n23)c(F)c1)N1CCCC1,[*]OCc1cccc(C(F)(F)F)c1,[*]c1ccc(C(=O)N2CCCC2)cc1F
CNEPYMYCGPBWQJ-UHFFFAOYSA-N,FC(F)(F)c1ccc(-c2nnc3cncc(OCCCc4ccc(Cl)s4)n23)cn1,[*]OCCCc1ccc(Cl)s1,[*]c1ccc(C(F)(F)F)nc1
WDTCIIUFJAWPTL-UHFFFAOYSA-N,FC(F)(F)c1ccc(COc2cncc3nnc(-c4ccc(Cn5cccn5)cc4)n23)cc1,[*]OCc1ccc(C(F)(F)F)cc1,[*]c1ccc(Cn2cccn2)cc1
VBDDROJNTUTHKW-UHFFFAOYSA-N,Fc1ccn(-c2ccc(COc3cncc4nnc(-c5ccc(OC6COC6)cc5)n34)cc2)c1,[*]OCc1ccc(-n2ccc(F)c2)cc1,[*]c1ccc(OC2COC2)cc1
KYAVRYMWJVANEM-UHFFFAOYSA-N,Fc1ccc(-c2nnc3cncc(OCc4ccc(Cl)s4)n23)cc1COC(F)F,[*]OCc1ccc(Cl)s1,[*]c1ccc(F)c(COC(F)F)c1
XBFFZTPXGHWLDA-UHFFFAOYSA-N,Fc1cc(-c2nnc3cncc(OCc4ccc(C(F)(F)F)cn4)n23)ccc1OC1COC1,[*]OCc1ccc(C(F)(F)F)cn1,[*]c1ccc(OC2COC2)c(F)c1
QPFORACAPQVOIB-UHFFFAOYSA-N,Fc1cc(-c2nnc3cncc(OCc4ccc(C(F)(F)F)cc4)n23)ccc1OC1CCNC1,[*]OCc1ccc(C(F)(F)F)cc1,[*]c1ccc(OC2CCNC2)c(F)c1
GVKQCWSUEDSVNL-UHFFFAOYSA-N,COc1cc(CCOc2cncc3nnc(-c4ccc(C(C)(O)c5ccccc5)o4)n23)ccc1F,[*]OCCc1ccc(F)c(OC)c1,[*]c1ccc(C(C)(O)c2ccccc2)o1
PUZCVKIBLKZKFR-UHFFFAOYSA-N,CC(O)(c1ccco1)c1ccc(-c2nnc3cncc(OCc4cccc(C(F)(F)F)c4)n23)o1,[*]OCc1cccc(C(F)(F)F)c1,[*]c1ccc(C(C)(O)c2ccco2)o1
RAHRJNBSVYPEHF-UHFFFAOYSA-N,FC(F)(F)c1ccc(CCOc2cncc3nnc(-c4cccc(-c5cnco5)c4)n23)o1,[*]OCCc1ccc(C(F)(F)F)o1,[*]c1cccc(-c2cnco2)c1
ITSVSABTAZWALQ-UHFFFAOYSA-N,Fc1cc(CCOc2cncc3nnc(-c4ccc(OC5CCOC5)cc4)n23)cc(C(F)(F)F)c1,[*]OCCc1cc(F)cc(C(F)(F)F)c1,[*]c1ccc(OC2CCOC2)cc1
WSYWJLFPAJFBRP-UHFFFAOYSA-N,FC(F)(F)c1ccc(CCOc2cncc3nnc(-c4cccc(-c5ncco5)c4)n23)o1,[*]OCCc1ccc(C(F)(F)F)o1,[*]c1cccc(-c2ncco2)c1
CRSJYPZHQCHLMV-UHFFFAOYSA-N,FC(F)(F)c1ccc(COc2cncc3nnc(-c4ccc(-n5cccn5)cc4)n23)o1,[*]OCc1ccc(C(F)(F)F)o1,[*]c1ccc(-n2cccn2)cc1
GLEWLZXGHZQRAT-UHFFFAOYSA-N,FC(F)(F)c1ccc(COc2cncc3nnc(-c4ccc(COC5CC5(F)F)nc4)n23)o1,[*]OCc1ccc(C(F)(F)F)o1,[*]c1ccc(COC2CC2(F)F)nc1
UMCPSAAIEWQIRH-UHFFFAOYSA-N,O=C(NC1CC1)c1cccc(-c2nnc3cncc(OCc4ccc(F)c(C(F)(F)F)c4)n23)c1,[*]OCc1ccc(F)c(C(F)(F)F)c1,[*]c1cccc(C(=O)NC2CC2)c1
JOTSNUIRJAVHDL-UHFFFAOYSA-N,FC(F)Oc1cc(OC2CC2)ccc1-c1nnc2cncc(OCCc3ccsc3)n12,[*]OCCc1ccsc1,[*]c1ccc(OC2CC2)cc1OC(F)F
MZCKSOLEKABLJW-UHFFFAOYSA-N,CC1(OCc2ccc(-c3nnc4cncc(OCc5ccc(C(F)(F)F)cn5)n34)cc2)CC1,[*]OCc1ccc(C(F)(F)F)cn1,[*]c1ccc(COC2(C)CC2)cc1
OWKJIOGAGRDUNC-UHFFFAOYSA-N,FC(F)Oc1ccc(-c2nnc3cncc(OCc4ccsc4)n23)cc1OC1COC1,[*]OCc1ccsc1,[*]c1ccc(OC(F)F)c(OC2COC2)c1
JOIYDNOAJCGANJ-UHFFFAOYSA-N,Cc1oc(C(F)(F)F)cc1COc1cncc2nnc(-c3ccc(C(C)(C)O)cn3)n12,[*]OCc1cc(C(F)(F)F)oc1C,[*]c1ccc(C(C)(C)O)cn1
SWHILROJUSUFIR-UHFFFAOYSA-N,O=C(NC1CCC1(F)F)c1ccc(-c2nnc3cncc(OCc4coc(C(F)(F)F)c4)n23)cc1,[*]OCc1coc(C(F)(F)F)c1,[*]c1ccc(C(=O)NC2CCC2(F)F)cc1
OPJZVODQAVTGAE-UHFFFAOYSA-N,FC(F)(F)c1cc(COc2cncc3nnc(-c4ccc(COC5COC5)nc4)n23)ccc1Cl,[*]OCc1ccc(Cl)c(C(F)(F)F)c1,[*]c1ccc(COC2COC2)nc1
BZJNGRWVHCKANJ-UHFFFAOYSA-N,Cc1occc1CCOc1cncc2nnc(-c3cccc(-c4ccc(F)c(CO)c4)c3)n12,[*]OCCc1ccoc1C,[*]c1cccc(-c2ccc(F)c(CO)c2)c1
ZTNJIOGGUJXIST-UHFFFAOYSA-N,OC(c1ccc(-c2nnc3cncc(OCc4csc(C(F)(F)F)c4)n23)cc1)C(F)F,[*]OCc1csc(C(F)(F)F)c1,[*]c1ccc(C(O)C(F)F)cc1
RLADXZWFNTULKS-UHFFFAOYSA-N,O=C1OCCN1Cc1cc(-c2nnc3cncc(OCc4ccc(C(F)(F)F)cc4)n23)ccc1F,[*]OCc1ccc(C(F)(F)F)cc1,[*]c1ccc(F)c(CN2CCOC2=O)c1
PPVBIMQEYAVHJH-UHFFFAOYSA-N,FC(c1ccc(-c2nnc3cncc(OCc4ccc(C(F)(F)F)o4)n23)cn1)C1CC1,[*]OCc1ccc(C(F)(F)F)o1,[*]c1ccc(C(F)C2CC2)nc1
FVQOQNHKAMHBAK-UHFFFAOYSA-N,OCc1cc(-c2nnc3cncc(OCc4ccc(-n5cccc5)cc4)n23)ccc1C(F)(F)F,[*]OCc1ccc(-n2cccc2)cc1,[*]c1ccc(C(F)(F)F)c(CO)c1
QRWOTWLFOAHUCL-UHFFFAOYSA-N,Cc1cc(COc2cncc3nnc(-c4ccc(C(C)(O)c5ccccc5)cc4F)n23)oc1C,[*]OCc1cc(C)c(C)o1,[*]c1ccc(C(C)(O)c2ccccc2)cc1F
BUYDCZLJGCSIAE-UHFFFAOYSA-N,Cc1cn(-c2ccc(COc3cncc4nnc(-c5ccc(C(F)(F)F)cc5)n34)cc2)c(=O)o1,[*]OCc1ccc(-n2cc(C)oc2=O)cc1,[*]c1ccc(C(F)(F)F)cc1
DXLHWSSRZKUNIY-UHFFFAOYSA-N,Fc1cc(-c2nnc3cncc(OCc4ccc(C(F)(F)F)cc4)n23)ccc1OC1COCCO1,[*]OCc1ccc(C(F)(F)F)cc1,[*]c1ccc(OC2COCCO2)c(F)c1
GUFRBTZZAQBHRU-UHFFFAOYSA-N,OCc1cc(-c2nnc3cncc(OCCc4ccccc4-n4cccc4)n23)ccc1Cl,[*]OCCc1ccccc1-n1cccc1,[*]c1ccc(Cl)c(CO)c1
VQYSZUMTCNVELT-UHFFFAOYSA-N,Fc1ccc(-c2nnc3cncc(OCCc4ccco4)n23)cc1COc1ccccc1,[*]OCCc1ccco1,[*]c1ccc(F)c(COc2ccccc2)c1
OGMZZHLYXPHUSX-UHFFFAOYSA-N,COc1cc(-c2nnc3cncc(OCc4ccc(C(F)(F)F)o4)n23)ccc1-c1cnoc1,[*]OCc1ccc(C(F)(F)F)o1,[*]c1ccc(-c2cnoc2)c(OC)c1
KJGFKZVUTWKHHE-UHFFFAOYSA-N,Cc1cn(-c2ccc(COc3cncc4nnc(-c5ccc(C(F)(F)F)cc5)n34)cc2)cn1,[*]OCc1ccc(-n2cnc(C)c2)cc1,[*]c1ccc(C(F)(F)F)cc1
XPFVNBWVKCNXMP-UHFFFAOYSA-N,OCc1cc(-c2nnc3cncc(OCCc4coc(C(F)(F)F)n4)n23)ccc1Cl,[*]OCCc1coc(C(F)(F)F)n1,[*]c1ccc(Cl)c(CO)c1
DYNRFVQDDKKSGF-UHFFFAOYSA-N,Cc1coc(C)c1COc1cncc2nnc(-c3ccc(C(C)(O)c4ccccc4)c(F)c3)n12,[*]OCc1c(C)coc1C,[*]c1ccc(C(C)(O)c2ccccc2)c(F)c1
KTQODTARHRHFKT-UHFFFAOYSA-N,FC(F)(F)c1cccc(COc2cncc3nnc(-c4ccc(Cl)c(N5CCOCC5)c4)n23)c1,[*]OCc1cccc(C(F)(F)F)c1,[*]c1ccc(Cl)c(N2CCOCC2)c1
USOMQWVXWIRGSI-UHFFFAOYSA-N,CC(O)(c1ccccc1)c1ccc(-c2nnc3cncc(OCCc4ccsc4)n23)cc1F,[*]OCCc1ccsc1,[*]c1ccc(C(C)(O)c2ccccc2)c(F)c1
OBJHSMQMUSMWRZ-UHFFFAOYSA-N,FC(F)(F)c1cccc(COc2cncc3nnc(-c4ccc5c(c4)OCCO5)n23)c1,[*]OCc1cccc(C(F)(F)F)c1,[*]c1ccc2c(c1)OCCO2
RYAYRCKTSUPEBK-UHFFFAOYSA-N,O=C(NC1CCC1(F)F)c1ccc(-c2nnc3cncc(OCc4ccc(C(F)(F)F)o4)n23)cc1,[*]OCc1ccc(C(F)(F)F)o1,[*]c1ccc(C(=O)NC2CCC2(F)F)cc1
TUSMZJOFHUWNRL-UHFFFAOYSA-N,Cc1cc2ccc(-c3nnc4cncc(OCc5ccc(C(F)(F)F)o5)n34)cc2cn1,[*]OCc1ccc(C(F)(F)F)o1,[*]c1ccc2cc(C)ncc2c1
CVFVVFIUOUXONI-UHFFFAOYSA-N,FC(F)Oc1cccc(COc2cncc3nnc(-c4ccc(OC5CCOC5)cc4)n23)c1,[*]OCc1cccc(OC(F)F)c1,[*]c1ccc(OC2CCOC2)cc1
JTZWEZVQPLRJDD-UHFFFAOYSA-N,FC(F)(F)c1cc(COc2cncc3nnc(-c4ccc5c(c4)OCO5)n23)co1,[*]OCc1coc(C(F)(F)F)c1,[*]c1ccc2c(c1)OCO2
NOSZELIYAXHAGC-UHFFFAOYSA-N,FC(F)(F)c1ccc(COc2cncc3nnc(-c4ccc(-c5ncco5)cc4)n23)o1,[*]OCc1ccc(C(F)(F)F)o1,[*]c1ccc(-c2ncco2)cc1
JDMXYAJCUXVNQY-UHFFFAOYSA-N,FC(F)(F)c1cc(COc2cncc3nnc(-c4ccc(COC5COC5)cn4)n23)ccc1Cl,[*]OCc1ccc(Cl)c(C(F)(F)F)c1,[*]c1ccc(COC2COC2)cn1
AAVLPLKDZIDVRD-UHFFFAOYSA-N,CC(O)c1ccc(-c2nnc3cncc(OCc4ccc(-c5ccsc5)o4)n23)cc1F,[*]OCc1ccc(-c2ccsc2)o1,[*]c1ccc(C(C)O)c(F)c1
AVUHYZLJKAEPNV-UHFFFAOYSA-N,Cc1cocc1CCOc1cncc2nnc(-c3ccc(-c4cccc(C#N)c4)cc3F)n12,[*]OCCc1cocc1C,[*]c1ccc(-c2cccc(C#N)c2)cc1F
GZWCBRZSBZQYPH-UHFFFAOYSA-N,Fc1ccc(-c2nnc3cncc(OCc4ccc(C(F)(F)F)o4)n23)cc1-c1ccno1,[*]OCc1ccc(C(F)(F)F)o1,[*]c1ccc(F)c(-c2ccno2)c1
SNIOUJFLMPJSFS-UHFFFAOYSA-N,CC(O)(c1ccc(-c2nnc3cncc(OCCc4ccsc4)n23)cc1F)C1CCC1,[*]OCCc1ccsc1,[*]c1ccc(C(C)(O)C2CCC2)c(F)c1
FQXLPMDPDOLUMF-UHFFFAOYSA-N,FC(F)(F)c1ccc(COc2cncc3nnc(-c4ccc(-c5ccco5)nc4)n23)o1,[*]OCc1ccc(C(F)(F)F)o1,[*]c1ccc(-c2ccco2)nc1
XKUMKCXWDYIFDY-UHFFFAOYSA-N,O=C(c1ccc(-c2nnc3cncc(OCc4csc(C(F)(F)F)c4)n23)cc1)N1CC(F)(F)C1,[*]OCc1csc(C(F)(F)F)c1,[*]c1ccc(C(=O)N2CC(F)(F)C2)cc1
HNHACOMYEBITQZ-UHFFFAOYSA-N,OCc1ccc(-c2cccc(-c3nnc4cncc(OCc5ccc(C(F)(F)F)o5)n34)c2)cn1,[*]OCc1ccc(C(F)(F)F)o1,[*]c1cccc(-c2ccc(CO)nc2)c1
FQFCDQWJEHBTDI-UHFFFAOYSA-N,Fc1cc(COc2cncc3nnc(-c4ccc5c(c4)OCO5)n23)ccc1C(F)(F)F,[*]OCc1ccc(C(F)(F)F)c(F)c1,[*]c1ccc2c(c1)OCO2
IIASVDYTBYLYCK-UHFFFAOYSA-N,FC(F)(F)c1cc(COc2cncc3nnc(-c4cccc(-c5ncco5)c4)n23)co1,[*]OCc1coc(C(F)(F)F)c1,[*]c1cccc(-c2ncco2)c1
XIIJKVCWMLWJOO-UHFFFAOYSA-N,Fc1ccc(-c2nnc3cncc(OCc4ccc(C(F)(F)F)o4)n23)cc1-c1ncco1,[*]OCc1ccc(C(F)(F)F)o1,[*]c1ccc(F)c(-c2ncco2)c1
HKOKCCGNQDMBLK-UHFFFAOYSA-N,OCc1ccc(-c2nnc3cncc(OCc4ccc(COc5ccc(F)cc5)s4)n23)cc1,[*]OCc1ccc(COc2ccc(F)cc2)s1,[*]c1ccc(CO)cc1
WJEYTRYCMOFPQD-UHFFFAOYSA-N,FC(F)(F)Oc1ccc(-c2nnc3cncc(OCc4ccc(-c5ccon5)s4)n23)cc1,[*]OCc1ccc(-c2ccon2)s1,[*]c1ccc(OC(F)(F)F)cc1
DIZRBJHRSFPBDO-UHFFFAOYSA-N,FC(F)(F)Oc1ccc(-c2nnc3cncc(OCc4ccc(-c5cnco5)s4)n23)cc1,[*]OCc1ccc(-c2cnco2)s1,[*]c1ccc(OC(F)(F)F)cc1
MMDYBWOVAIFIFU-UHFFFAOYSA-N,FC(F)(F)c1ccc(-c2nnc3cncc(OCc4cc5c(cc4Cl)OCO5)n23)cc1,[*]OCc1cc2c(cc1Cl)OCO2,[*]c1ccc(C(F)(F)F)cc1
FOQTYDNGDWMYCD-UHFFFAOYSA-N,Fc1cc(-c2cnco2)ccc1-c1nnc2cncc(OCc3ccc(C(F)(F)F)o3)n12,[*]OCc1ccc(C(F)(F)F)o1,[*]c1ccc(-c2cnco2)cc1F
CPBKRQSBNIDTLI-UHFFFAOYSA-N,FC(F)Oc1cc(-c2nnc3cncc(OCc4ccccc4C(F)(F)F)n23)ccn1,[*]OCc1ccccc1C(F)(F)F,[*]c1ccnc(OC(F)F)c1
LPPZFIKWPNVGHT-UHFFFAOYSA-N,FC(F)(F)C(F)(F)CCOc1cncc2nnc(-c3cccc(-c4cocn4)c3)n12,[*]OCCC(F)(F)C(F)(F)F,[*]c1cccc(-c2cocn2)c1
FHVQAHAKJAVVRA-UHFFFAOYSA-N,Cc1cc(OC2COC2)ccc1-c1nnc2cncc(OCCc3ccc(C(F)(F)F)nc3)n12,[*]OCCc1ccc(C(F)(F)F)nc1,[*]c1ccc(OC2COC2)cc1C
VQPLVJPEVCEXHJ-UHFFFAOYSA-N,Cc1cc(-c2nnc3cncc(OCc4ccc(-n5cc(C(F)F)oc5=O)o4)n23)ccc1Cl,[*]OCc1ccc(-n2cc(C(F)F)oc2=O)o1,[*]c1ccc(Cl)c(C)c1
QPTZHRHDJXZRIN-UHFFFAOYSA-N,FC(F)(F)Oc1ccc(-c2nnc3cncc(OCc4cc(-c5ccsc5)on4)n23)cc1,[*]OCc1cc(-c2ccsc2)on1,[*]c1ccc(OC(F)(F)F)cc1
JKOOBWUAMYHNER-UHFFFAOYSA-N,FC(F)(F)c1cc(COc2cncc3nnc(-c4ccc5ncccc5c4)n23)co1,[*]OCc1coc(C(F)(F)F)c1,[*]c1ccc2ncccc2c1
OSLNXDNHFRFNRV-UHFFFAOYSA-N,OCc1ccc(Oc2ccc(-c3nnc4cncc(OCCc5ccsc5)n34)cc2)cc1,[*]OCCc1ccsc1,[*]c1ccc(Oc2ccc(CO)cc2)cc1
ZRPWVOCPEDNYOT-UHFFFAOYSA-N,Fc1ccc(CCOc2cncc3nnc(-c4ccc(OC5COCO5)cc4)n23)cc1C(F)(F)F,[*]OCCc1ccc(F)c(C(F)(F)F)c1,[*]c1ccc(OC2COCO2)cc1
VXPIILFDZWMJET-UHFFFAOYSA-N,CC(C)(O)c1ccc(-c2nnc3cncc(OCc4ccc(C(F)(F)F)o4)n23)c2coc-2c1,[*]OCc1ccc(C(F)(F)F)o1,[*]c1ccc(C(C)(C)O)cc2occ1-2
HNZCBLSIYIJHPM-UHFFFAOYSA-N,O=C(NCC1COC1)c1ccc(-c2nnc3cncc(OCc4ccc(C(F)(F)F)cc4)n23)c(F)c1,[*]OCc1ccc(C(F)(F)F)cc1,[*]c1ccc(C(=O)NCC2COC2)cc1F
DKYMDAVIUYSOPZ-UHFFFAOYSA-N,COc1cc(-c2nnc3cncc(OCCc4ccco4)n23)c(F)cc1-c1ccccc1F,[*]OCCc1ccco1,[*]c1cc(OC)c(-c2ccccc2F)cc1F
CBVAWVJBHNFWAI-UHFFFAOYSA-N,N#Cc1ccc(NCCOc2cncc3nnc(-c4ccc(Cl)cc4C(F)F)n23)cc1,[*]OCCNc1ccc(C#N)cc1,[*]c1ccc(Cl)cc1C(F)F
XDCXDYOEYZCQMV-UHFFFAOYSA-N,O=C(c1ccc(-c2nnc3cncc(OCc4ccc(C(F)(F)F)cc4)n23)cc1F)N1CCOCC1,[*]OCc1ccc(C(F)(F)F)cc1,[*]c1ccc(C(=O)N2CCOCC2)c(F)c1
IJVZATQYKCAADJ-UHFFFAOYSA-N,N#Cc1ccc(COc2cncc3nnc(-c4ccc(C(O)(F)C5CCCC5)cc4)n23)c(F)c1,[*]OCc1ccc(C#N)cc1F,[*]c1ccc(C(O)(F)C2CCCC2)cc1
FLSQQDMVKSRLAL-UHFFFAOYSA-N,FC(F)Oc1cc(-c2nnc3cncc(OCc4ccsc4)n23)ccc1-c1cnco1,[*]OCc1ccsc1,[*]c1ccc(-c2cnco2)c(OC(F)F)c1
HENYPGWADCPRIC-UHFFFAOYSA-N,CC(CCOc1cncc2nnc(-c3ccc(C(=O)NC4(C)CC4)cc3F)n12)C(F)(F)F,[*]OCCC(C)C(F)(F)F,[*]c1ccc(C(=O)NC2(C)CC2)cc1F
CCYAYDSUBWNJKI-UHFFFAOYSA-N,OCc1ccc(-c2nnc3cncc(OCc4cccc(OCc5ccccc5F)c4)n23)cc1,[*]OCc1cccc(OCc2ccccc2F)c1,[*]c1ccc(CO)cc1
FOYJXEULNQBSTK-UHFFFAOYSA-N,OC(c1ccc(-c2nnc3cncc(OCc4cccc(C(F)(F)F)c4)n23)nc1)C1CC1,[*]OCc1cccc(C(F)(F)F)c1,[*]c1ccc(C(O)C2CC2)cn1
CCVWLSJBVMMMMM-UHFFFAOYSA-N,COc1cc(CCOc2cncc3nnc(-c4cc(F)c5cc(F)ccc5c4)n23)ccc1F,[*]OCCc1ccc(F)c(OC)c1,[*]c1cc(F)c2cc(F)ccc2c1
JYWSRUFOHCXARB-UHFFFAOYSA-N,OCc1cc(-c2nnc3cncc(OCc4csc(C(F)(F)F)n4)n23)ccc1Cl,[*]OCc1csc(C(F)(F)F)n1,[*]c1ccc(Cl)c(CO)c1
LJFMDGJZWVOZLF-UHFFFAOYSA-N,O=C(NC1CC1)c1ccc(-c2nnc3cncc(Oc4ccc(C(F)(F)F)cc4)n23)cc1,[*]Oc1ccc(C(F)(F)F)cc1,[*]c1ccc(C(=O)NC2CC2)cc1
OAXHRWSAHAKGJQ-UHFFFAOYSA-N,FCc1cc(COc2cncc3nnc(-c4ccc(C(F)(F)F)nc4)n23)ccc1F,[*]OCc1ccc(F)c(CF)c1,[*]c1ccc(C(F)(F)F)nc1
HIXOGVRCPPLWAN-UHFFFAOYSA-N,OCc1ccc(-c2cccc(-c3nnc4cncc(OCc5ccc(C(F)(F)F)cc5)n34)c2)cn1,[*]OCc1ccc(C(F)(F)F)cc1,[*]c1cccc(-c2ccc(CO)nc2)c1
XXFAJZINNMAOPF-UHFFFAOYSA-N,Fc1cc(-c2nnc3cncc(OCCc4ccsc4)n23)ccc1-c1ccsn1,[*]OCCc1ccsc1,[*]c1ccc(-c2ccsn2)c(F)c1
FUBHABPEQKEKDT-UHFFFAOYSA-N,COC(F)(F)c1ccc(-c2nnc3cncc(OCc4ccc(C5CCOCCO5)cc4F)n23)cc1,[*]OCc1ccc(C2CCOCCO2)cc1F,[*]c1ccc(C(F)(F)OC)cc1
RGJYEFOCZFYPJG-UHFFFAOYSA-N,CN1CC(OCc2ccc(-c3nnc4cncc(OCc5ccc(Cl)c(C(F)(F)F)c5)n34)cc2)C1,[*]OCc1ccc(Cl)c(C(F)(F)F)c1,[*]c1ccc(COC2CN(C)C2)cc1
GCRBMBNGAOZPLW-UHFFFAOYSA-N,OC1COCCN(Cc2ccc(-c3nnc4cncc(OCc5ccc(C(F)(F)F)o5)n34)c(F)c2)C1,[*]OCc1ccc(C(F)(F)F)o1,[*]c1ccc(CN2CCOCC(O)C2)cc1F
YHYUZTBUCOYQEU-UHFFFAOYSA-N,OCc1cc(-c2nnc3cncc(OCc4ccnc(C(F)(F)C(F)F)c4)n23)ccc1Cl,[*]OCc1ccnc(C(F)(F)C(F)F)c1,[*]c1ccc(Cl)c(CO)c1
BRKYXPSHQNCWHH-UHFFFAOYSA-N,O=C(c1ccc(-c2nnc3cncc(OCCc4cccc(C(F)(F)F)c4)n23)cc1)N1CC(F)(F)C1,[*]OCCc1cccc(C(F)(F)F)c1,[*]c1ccc(C(=O)N2CC(F)(F)C2)cc1
PTYVFWXJVPAEQH-UHFFFAOYSA-N,Cc1cc(-c2ccc(-c3nnc4cncc(OCCc5ccsc5)n34)c(F)c2)no1,[*]OCCc1ccsc1,[*]c1ccc(-c2cc(C)on2)cc1F
PQUUVOCUEHITHR-UHFFFAOYSA-N,FC(F)(F)c1ccc(OCC2COCCO2)c(-c2nnc3cncc(OCCc4ccsc4)n23)c1,[*]OCCc1ccsc1,[*]c1cc(C(F)(F)F)ccc1OCC1COCCO1
MNFSQQZZLMGKPV-UHFFFAOYSA-N,Cc1nscc1CCOc1cncc2nnc(-c3ccc(OC(F)(F)F)c(C4CC4)c3)n12,[*]OCCc1csnc1C,[*]c1ccc(OC(F)(F)F)c(C2CC2)c1
UWTCJOKHGFXFNP-UHFFFAOYSA-N,O=C(NC1CCC1(F)F)c1ccc(-c2nnc3cncc(OCc4cccc(C(F)(F)F)c4)n23)cc1,[*]OCc1cccc(C(F)(F)F)c1,[*]c1ccc(C(=O)NC2CCC2(F)F)cc1
FWIOAAGPLPVPLM-UHFFFAOYSA-N,CC(O)(c1ccc(-c2nnc3cncc(OCc4ccc(-n5cccc5)cc4)n23)c(F)c1F)C1COC1,[*]OCc1ccc(-n2cccc2)cc1,[*]c1ccc(C(C)(O)C2COC2)c(F)c1F
OTDHMSYNJDZMQE-UHFFFAOYSA-N,O=C(c1ccc(-c2nnc3cncc(OCc4ccc(C(F)(F)F)s4)n23)cc1F)N1CCOCC1,[*]OCc1ccc(C(F)(F)F)s1,[*]c1ccc(C(=O)N2CCOCC2)c(F)c1
ZAIFIQBUKVPIEB-UHFFFAOYSA-N,CC(O)(c1ccc(-c2nnc3cncc(OCc4ccc(C(F)(F)F)o4)n23)c(F)c1)C1CCOCC1,[*]OCc1ccc(C(F)(F)F)o1,[*]c1ccc(C(C)(O)C2CCOCC2)cc1F
FGHQZZGYGKAVOJ-UHFFFAOYSA-N,c1cc(COc2cncc3nnc(-c4ccc(OC5COC5)cc4)n23)cc(-c2ccon2)c1,[*]OCc1cccc(-c2ccon2)c1,[*]c1ccc(OC2COC2)cc1
KUXQEOXCGGQIKG-UHFFFAOYSA-N,O=C(NC1CCOCC1F)c1ccc(-c2nnc3cncc(OCc4ccc(Cl)cc4)n23)c(F)c1,[*]OCc1ccc(Cl)cc1,[*]c1ccc(C(=O)NC2CCOCC2F)cc1F
TXJABBJYXZMBTH-UHFFFAOYSA-N,FC(F)(F)c1ccc(COc2cncc3nnc(-c4ccc(Cl)c(CN5CCOCCO5)c4)n23)o1,[*]OCc1ccc(C(F)(F)F)o1,[*]c1ccc(Cl)c(CN2CCOCCO2)c1
QIZOPVIDIYYFJX-UHFFFAOYSA-N,FC(F)Oc1cccc(-c2nnc3cncc(OCCc4ccsc4)n23)c1,[*]OCCc1ccsc1,[*]c1cccc(OC(F)F)c1
HBCYXUIZUVJHRQ-UHFFFAOYSA-N,COc1ccc(-c2nnc3cncc(OCc4ccc(CO)cc4)n23)cc1-c1ccc(F)cc1,[*]OCc1ccc(CO)cc1,[*]c1ccc(OC)c(-c2ccc(F)cc2)c1
VVASVZGMVSKIIH-UHFFFAOYSA-N,CC(O)(c1ccc(-c2nnc3cncc(OCc4ccc(OC(F)F)cc4)n23)cc1)C1CCOCC1,[*]OCc1ccc(OC(F)F)cc1,[*]c1ccc(C(C)(O)C2CCOCC2)cc1
FRRPOMBMIVPQOW-UHFFFAOYSA-N,Cc1noc(C)c1COc1cncc2nnc(-c3ccc(-c4ccccc4)c(F)c3)n12,[*]OCc1c(C)noc1C,[*]c1ccc(-c2ccccc2)c(F)c1
BLMYFEFOHFUCQB-UHFFFAOYSA-N,O=C(NC1CCCOC1)c1ccc(-c2nnc3cncc(OCc4ccc(C(F)(F)F)cc4)n23)cc1F,[*]OCc1ccc(C(F)(F)F)cc1,[*]c1ccc(C(=O)NC2CCCOC2)c(F)c1
YEMICVMLZPDOGE-UHFFFAOYSA-N,O=C(NC1COC1)c1ccc(-c2nnc3cncc(OCc4ccc(C(F)(F)C(F)(F)F)cc4)n23)s1,[*]OCc1ccc(C(F)(F)C(F)(F)F)cc1,[*]c1ccc(C(=O)NC2COC2)s1
WVGJPSKLRSFQAM-UHFFFAOYSA-N,O=C(NC1CC1c1ccccc1)c1cncc2nnc(-c3ccc(OC(F)F)cc3)n12,[*]C(=O)NC1CC1c1ccccc1,[*]c1ccc(OC(F)F)cc1
ACIYZOVRQFGKRA-UHFFFAOYSA-N,Fc1c(Cl)cccc1CN1CCOC1COc1cncc2nnc(-c3ccc(OC(F)F)cc3)n12,[*]OCC1OCCN1Cc1cccc(Cl)c1F,[*]c1ccc(OC(F)F)cc1
DAUKQNKDLCZGBP-UHFFFAOYSA-N,CC1(C)OCC(CO)(c2ccc(Oc3cncc4nnc(-c5ccc(OC(F)F)cc5)n34)cc2)O1,[*]Oc1ccc(C2(CO)COC(C)(C)O2)cc1,[*]c1ccc(OC(F)F)cc1
MRWGLVKMQFQVHI-UHFFFAOYSA-N,CC(F)(COCc1ccccc1)c1cncc2nnc(-c3ccc(OC(F)F)cc3)n12,[*]C(C)(F)COCc1ccccc1,[*]c1ccc(OC(F)F)cc1
VJVCFMLMBOGCMA-UHFFFAOYSA-N,Cc1noc2cc(-c3nnc4cncc(OCCc5cc(F)c(F)c(F)c5)n34)ccc12,[*]OCCc1cc(F)c(F)c(F)c1,[*]c1ccc2c(C)noc2c1
OQJJSVQPQBUKFX-UHFFFAOYSA-N,Fc1ccc(COc2cncc3nnc(Oc4ccc(C(F)(F)F)cc4)n23)cc1F,[*]OCc1ccc(F)c(F)c1,[*]Oc1ccc(C(F)(F)F)cc1
YCHHTPRYUKOPKE-UHFFFAOYSA-N,CC1(C)OCN(Cc2cncc3nnc(-c4ccc(OC(F)F)cc4)n23)c2ccccc21,[*]CN1COC(C)(C)c2ccccc21,[*]c1ccc(OC(F)F)cc1
NRQFCJYRPVEREW-UHFFFAOYSA-N,FC(F)(F)c1cccc(Oc2cncc3nnc(CN4Cc5ccccc5C4)n23)c1,[*]Oc1cccc(C(F)(F)F)c1,[*]CN1Cc2ccccc2C1
FOLHKDBHQZJHNZ-UHFFFAOYSA-N,Cc1cc(C(F)(F)F)ncc1Oc1cncc2nnc(-c3ccc(OC(F)F)cc3)n12,[*]Oc1cnc(C(F)(F)F)cc1C,[*]c1ccc(OC(F)F)cc1
NCBATHXXPYHHCP-UHFFFAOYSA-N,FC(F)Oc1ccc(Oc2cncc3nnc(-c4ccc(C(F)(F)F)nc4)n23)cc1,[*]Oc1ccc(OC(F)F)cc1,[*]c1ccc(C(F)(F)F)nc1
WVUHXOSWFKZCRP-UHFFFAOYSA-N,FC(F)Oc1ccc(-c2nnc3cncc(OC4COCc5ccc(OC(F)F)cc5C4)n23)cc1,[*]OC1COCc2ccc(OC(F)F)cc2C1,[*]c1ccc(OC(F)F)cc1
QNVOHOQYSQPBEA-UHFFFAOYSA-N,OCC(NCc1cncc2nnc(-c3ccc(OC(F)F)cc3)n12)c1ccc(F)c(F)c1,[*]CNC(CO)c1ccc(F)c(F)c1,[*]c1ccc(OC(F)F)cc1
LFFPMSHLQVTQCS-UHFFFAOYSA-N,O=C(c1cncc2nnc(-c3ccc(OC(F)F)cc3)n12)N1CC(c2ccc(F)c(F)c2)C1,[*]C(=O)N1CC(c2ccc(F)c(F)c2)C1,[*]c1ccc(OC(F)F)cc1
NCRLGJSBGOQCQB-UHFFFAOYSA-N,Fc1cccc(C2COCCN2COc2cncc3nnc(-c4ccc(OC(F)F)cc4)n23)c1F,[*]OCN1CCOCC1c1cccc(F)c1F,[*]c1ccc(OC(F)F)cc1
AIKBFZRIQZKBNI-UHFFFAOYSA-N,CC1(C)OCC(NC(=O)c2cncc3nnc(-c4ccc(OC(F)F)cc4)n23)(c2ccc(F)c(F)c2)CO1,[*]C(=O)NC1(c2ccc(F)c(F)c2)COC(C)(C)OC1,[*]c1ccc(OC(F)F)cc1
QHFVXHATRPJCGZ-UHFFFAOYSA-N,Cc1cc(C#CCOc2cncc3nnc(-c4ccc(OC(F)F)cc4)n23)ccc1Cl,[*]OCC#Cc1ccc(Cl)c(C)c1,[*]c1ccc(OC(F)F)cc1
FSKOAPLNZCJWEY-UHFFFAOYSA-N,Fc1ccc(CNc2cncc3nnc(-c4ccc(OC(F)(F)F)cc4)n23)cc1F,[*]NCc1ccc(F)c(F)c1,[*]c1ccc(OC(F)(F)F)cc1
KXYKXTUCPOYXBF-UHFFFAOYSA-N,NC1(c2ccc(F)c(F)c2)CCC(Oc2cncc3nnc(-c4ccc(OC(F)F)cc4)n23)C1,[*]OC1CCC(N)(c2ccc(F)c(F)c2)C1,[*]c1ccc(OC(F)F)cc1
GSNFVMUZWPUZPZ-UHFFFAOYSA-N,OCC(Oc1cncc2nnc(-c3ccc(OC(F)F)cc3)n12)c1c(Cl)ccc(F)c1Cl,[*]OC(CO)c1c(Cl)ccc(F)c1Cl,[*]c1ccc(OC(F)F)cc1
NEHVECDBNBRASD-UHFFFAOYSA-N,FC(F)Oc1ccc(-c2nnc3cncc(OCCOC4CCc5ccccc54)n23)cc1,[*]OCCOC1CCc2ccccc21,[*]c1ccc(OC(F)F)cc1
DJETWCRHYMJAQI-UHFFFAOYSA-N,OCC(COCc1ccccc1)COc1cncc2nnc(-c3ccc(OC(F)F)cc3)n12,[*]OCC(CO)COCc1ccccc1,[*]c1ccc(OC(F)F)cc1
WMYCTFCPCDCOEK-UHFFFAOYSA-N,CC1(C)COC(COc2cncc3nnc(-c4ccc(OC(F)F)cc4)n23)(c2ccccc2)O1,[*]OCC1(c2ccccc2)OCC(C)(C)O1,[*]c1ccc(OC(F)F)cc1
CDXHHCAOMYLFSZ-UHFFFAOYSA-N,CC1Cc2ccccc2CN1C(CO)COc1cncc2nnc(-c3ccc(OC(F)F)cc3)n12,[*]OCC(CO)N1Cc2ccccc2CC1C,[*]c1ccc(OC(F)F)cc1
NETRSQXNGULXGJ-UHFFFAOYSA-N,Fc1ccc(CCOc2cncc3nnc(-c4ccc5n[nH]cc5c4)n23)cc1F,[*]OCCc1ccc(F)c(F)c1,[*]c1ccc2n[nH]cc2c1
QHRNTIQWDJTPNR-UHFFFAOYSA-N,Fc1ccc(CCOc2cncc3nnc(CN4Cc5ccc(OC(F)F)cc5C4)n23)cc1F,[*]OCCc1ccc(F)c(F)c1,[*]CN1Cc2ccc(OC(F)F)cc2C1
HFZYEHZXUHANIN-UHFFFAOYSA-N,CC1(C)C=C(CCOc2cncc3nnc(-c4ccc(OC(F)F)cc4)n23)COC(C)(C)O1,[*]OCCC1=CC(C)(C)OC(C)(C)OC1,[*]c1ccc(OC(F)F)cc1
RQBYBEOAEZPZAF-UHFFFAOYSA-N,FC(F)Oc1ccc(-c2nnc3cncc(OCC4Cc5ccc(Cl)cc5O4)n23)cc1,[*]OCC1Cc2ccc(Cl)cc2O1,[*]c1ccc(OC(F)F)cc1
OVQGAAZZQRWXSI-UHFFFAOYSA-N,OC1(c2cccc(F)c2)CC(Oc2cncc3nnc(-c4ccc(OC(F)F)cc4)n23)C1,[*]OC1CC(O)(c2cccc(F)c2)C1,[*]c1ccc(OC(F)F)cc1
CZVAUHBFGVQFBI-UHFFFAOYSA-N,OC(COCc1cncc2nnc(-c3ccc(OC(F)F)cc3)n12)c1ccc(F)cc1,[*]COCC(O)c1ccc(F)cc1,[*]c1ccc(OC(F)F)cc1
GRIMDCHJZMFTQM-UHFFFAOYSA-N,O=C(Nc1cncc2nnc(-c3ccc(OC(F)F)cc3)n12)c1cccc(C(F)(F)F)c1,[*]NC(=O)c1cccc(C(F)(F)F)c1,[*]c1ccc(OC(F)F)cc1
CSHWUASTSGMMJT-UHFFFAOYSA-N,O=C(Nc1cncc2nnc(-c3ccc(OC(F)F)cc3)n12)NC1CCc2ccc(OC(F)F)cc21,[*]NC(=O)NC1CCc2ccc(OC(F)F)cc21,[*]c1ccc(OC(F)F)cc1
MSWFWYHGXSWDCE-UHFFFAOYSA-N,O=C1c2ccc(Oc3cncc4nnc(-c5ccc(Cl)cc5)n34)cc2CN1C(F)F,[*]Oc1ccc2c(c1)CN(C(F)F)C2=O,[*]c1ccc(Cl)cc1
BOANSYPYXFVRQG-UHFFFAOYSA-N,FC1(F)CCN(C(COc2cncc3nnc(-c4ccc(Cl)cc4)n23)c2ccccc2)C1,[*]OCC(c1ccccc1)N1CCC(F)(F)C1,[*]c1ccc(Cl)cc1
KJSIHFXTOYIFQL-UHFFFAOYSA-N,CC(NC(=O)COc1cncc2nnc(-c3ccc(OC(F)F)cc3)n12)c1ccc(F)c(F)c1,[*]OCC(=O)NC(C)c1ccc(F)c(F)c1,[*]c1ccc(OC(F)F)cc1
ZHYFSAMQSMUCGF-UHFFFAOYSA-N,CC1(C)c2cc(F)c(F)cc2N1C(=O)COc1cncc2nnc(-c3ccc(OC(F)F)cc3)n12,[*]OCC(=O)N1c2cc(F)c(F)cc2C1(C)C,[*]c1ccc(OC(F)F)cc1
ZEQNVYSJCSDDET-UHFFFAOYSA-N,FC(F)Oc1ccc(-c2nnc3cncc(OCCc4cncc5ccccc45)n23)cc1,[*]OCCc1cncc2ccccc12,[*]c1ccc(OC(F)F)cc1
FHUBOKVORCCZNZ-UHFFFAOYSA-N,OCC(COc1cncc2nnc(-c3ccc(-c4ccc(F)c(F)c4)cc3)n12)c1ccccc1,[*]OCC(CO)c1ccccc1,[*]c1ccc(-c2ccc(F)c(F)c2)cc1
PASAVNFYGXGLCJ-UHFFFAOYSA-N,N#Cc1ccc(C2=COC(COc3cncc4nnc(-c5ccc(OC(F)F)cc5)n34)CC2)cc1,[*]OCC1CCC(c2ccc(C#N)cc2)=CO1,[*]c1ccc(OC(F)F)cc1
YKJZHUQDOJGOAR-UHFFFAOYSA-N,CC1(C)CC(COc2cncc3nnc(-c4ccc(C#N)cc4)n23)(c2ccc(Cl)cc2)CO1,[*]OCC1(c2ccc(Cl)cc2)COC(C)(C)C1,[*]c1ccc(C#N)cc1
VCGOKFWNZQMTJO-UHFFFAOYSA-N,Fc1ccc2c(c1F)OCC2Cc1cncc2nnc(-c3ccc(OC(F)F)cc3)n12,[*]CC1COc2c1ccc(F)c2F,[*]c1ccc(OC(F)F)cc1
NRNHOJFRWAVDIH-UHFFFAOYSA-N,Fc1ccc(CCOc2cncc3nnc(CC4Cc5ccccc54)n23)cc1F,[*]OCCc1ccc(F)c(F)c1,[*]CC1Cc2ccccc21
BCLUFVKLLMYBGE-UHFFFAOYSA-N,Fc1cc(OC(F)F)ccc1CCc1cncc2nnc(-c3ccc(OC(F)F)cc3)n12,[*]CCc1ccc(OC(F)F)cc1F,[*]c1ccc(OC(F)F)cc1
DXDZOXHEYKCCNG-UHFFFAOYSA-N,Fc1ccc2c(c1)COC(COc1cncc3nnc(-c4ccc(OC(F)(F)F)cc4)n13)C2,[*]OCC1Cc2ccc(F)cc2CO1,[*]c1ccc(OC(F)(F)F)cc1
XDVPEJSBNDHUIJ-UHFFFAOYSA-N,FC(F)Oc1ccc(-c2nnc3cncc(OCCc4coc5ccccc45)n23)cc1,[*]OCCc1coc2ccccc12,[*]c1ccc(OC(F)F)cc1
WRVVRYAEJCDKEM-UHFFFAOYSA-N,Cn1c(-c2nnc3cncc(OCCc4cc(F)c(F)c(F)c4)n23)cc2ccccc21,[*]OCCc1cc(F)c(F)c(F)c1,[*]c1cc2ccccc2n1C
DKXSRSNUYOEMLP-UHFFFAOYSA-N,OC(COc1cncc2nnc(-c3cn[nH]c3)n12)c1cc(Cl)ccc1OCc1ccccc1,[*]OCC(O)c1cc(Cl)ccc1OCc1ccccc1,[*]c1cn[nH]c1
NRMLQAHSGQCWQK-UHFFFAOYSA-N,OCC(c1cccc2ccccc12)c1cncc2nnc(-c3ccc(OC(F)F)cc3)n12,[*]C(CO)c1cccc2ccccc12,[*]c1ccc(OC(F)F)cc1
QOXVVRFXRFCSLU-UHFFFAOYSA-N,COC(COc1nnc2cncc(Oc3ccc(C(F)(F)F)cc3)n12)c1ccccc1,[*]Oc1ccc(C(F)(F)F)cc1,[*]OCC(OC)c1ccccc1
RKMVBORGVQLVOD-UHFFFAOYSA-N,OC1(COc2cncc3nnc(-c4ccc(OC(F)F)cc4)n23)CCc2cc(F)c(F)cc21,[*]OCC1(O)CCc2cc(F)c(F)cc21,[*]c1ccc(OC(F)F)cc1
RDZSFTMTRLJJOZ-UHFFFAOYSA-N,Cc1cc2ccc(-c3nnc4cncc(OCCc5cccc(F)c5)n34)cc2o1,[*]OCCc1cccc(F)c1,[*]c1ccc2cc(C)oc2c1
ZFCKLBVOZVZRQA-UHFFFAOYSA-N,O=C1c2cc(C(F)(F)F)ccc2CN1c1cncc2nnc(-c3ccc(OC(F)F)cc3)n12,[*]N1Cc2ccc(C(F)(F)F)cc2C1=O,[*]c1ccc(OC(F)F)cc1
YGERQHOZNPSWLH-UHFFFAOYSA-N,O=C(COc1cncc2nnc(-c3ccc(OC(F)F)cc3)n12)NC1CCc2cc(Cl)ccc21,[*]OCC(=O)NC1CCc2cc(Cl)ccc21,[*]c1ccc(OC(F)F)cc1
YYOVOIUBJLRHOX-UHFFFAOYSA-N,Fc1ccc(COc2cncc3nnc(N4Cc5ccc(Cl)cc5C4)n23)cc1F,[*]OCc1ccc(F)c(F)c1,[*]N1Cc2ccc(Cl)cc2C1
NXZYPSPBHHXXIO-UHFFFAOYSA-N,O=C(Nc1ccc2c(c1)COC(F)(F)O2)c1cncc2nnc(-c3ccc(OC(F)F)cc3)n12,[*]C(=O)Nc1ccc2c(c1)COC(F)(F)O2,[*]c1ccc(OC(F)F)cc1
SAONJEDUTMUFKT-UHFFFAOYSA-N,O=C(COc1cncc2nnc(-c3ccc(OC(F)F)cc3)n12)NCc1ccc2ccccc2c1,[*]OCC(=O)NCc1ccc2ccccc2c1,[*]c1ccc(OC(F)F)cc1
ISNVGUPFDWBHQQ-UHFFFAOYSA-N,O=C(c1cccc(F)c1Cl)N1CCc2ncc3nnc(-c4ccc(OC(F)F)cc4)n3c2C1,*CCN(C[*])C(=O)c1cccc(F)c1Cl,[*]c1ccc(OC(F)F)cc1
FKYYIOMQHVCLNM-UHFFFAOYSA-N,Fc1ccc(COc2cncc3nnc(-c4ccc5[nH]c(C(F)(F)F)cc5n4)n23)cc1F,[*]OCc1ccc(F)c(F)c1,[*]c1ccc2[nH]c(C(F)(F)F)cc2n1
KSYCJTUPYOBXAC-UHFFFAOYSA-N,O=C(c1cncc2nnc(-c3ccc(OC(F)F)cc3)n12)N1CCc2cncc(C(F)(F)F)c2C1,[*]C(=O)N1CCc2cncc(C(F)(F)F)c2C1,[*]c1ccc(OC(F)F)cc1
DQOAONYPAFIQHT-UHFFFAOYSA-N,O=C(NC1Cc2ccccc2C1)c1cncc2nnc(-c3ccc(OC(F)F)c(Cl)c3)n12,[*]C(=O)NC1Cc2ccccc2C1,[*]c1ccc(OC(F)F)c(Cl)c1
GRJUKYUYACAQDI-UHFFFAOYSA-N,FC(F)Oc1ccc(-c2nnc3cncc(OCCn4ccc5ccccc54)n23)cc1,[*]OCCn1ccc2ccccc21,[*]c1ccc(OC(F)F)cc1
RTFMYRFDVXXVKR-UHFFFAOYSA-N,FC(F)Oc1ccc(-c2nnc3cncc(CCOc4cccc5cnccc45)n23)cc1,[*]CCOc1cccc2cnccc12,[*]c1ccc(OC(F)F)cc1
XVZLKWVEUPCISF-UHFFFAOYSA-N,FC(F)Oc1ccc(-c2nnc3cncc(Nc4ccnc(C(F)(F)F)c4)n23)cc1,[*]Nc1ccnc(C(F)(F)F)c1,[*]c1ccc(OC(F)F)cc1
NCZYYPWWZKTZQE-UHFFFAOYSA-N,Fc1ccc2c(c1)CC(Oc1cncc3nnc(-c4ccc(OC(F)F)cc4)n13)C2,[*]OC1Cc2ccc(F)cc2C1,[*]c1ccc(OC(F)F)cc1
WTQUPRNKYZBYLY-UHFFFAOYSA-N,OCC(COc1cncc2nnc(Oc3ccc(C(F)(F)F)nc3)n12)c1ccccc1F,[*]OCC(CO)c1ccccc1F,[*]Oc1ccc(C(F)(F)F)nc1
PNRCWSCIDZEJCM-UHFFFAOYSA-N,FC(F)Oc1ccc(-c2nnc3cncc(OC4CCOC4c4ccccc4)n23)cc1,[*]OC1CCOC1c1ccccc1,[*]c1ccc(OC(F)F)cc1
KXCVASQZRASMEJ-UHFFFAOYSA-N,O=C(NCC1(c2ccc(F)c(F)c2)OCCO1)c1cncc2nnc(-c3ccc(OC(F)F)cc3)n12,[*]C(=O)NCC1(c2ccc(F)c(F)c2)OCCO1,[*]c1ccc(OC(F)F)cc1
PENQLESDIZJSPR-UHFFFAOYSA-N,Fc1cc2c(cc1F)C(COc1cncc3nnc(-c4ccc(OC(F)F)cc4)n13)C2,[*]OCC1Cc2cc(F)c(F)cc21,[*]c1ccc(OC(F)F)cc1
OFGXSLAPWCVWSJ-UHFFFAOYSA-N,Cn1ccc2cc(CCOc3cncc4nnc(-c5ccc(OC(F)F)cc5)n34)cc(F)c21,[*]OCCc1cc(F)c2c(ccn2C)c1,[*]c1ccc(OC(F)F)cc1
UBTTZXMRXVDQDY-UHFFFAOYSA-N,FC(F)Oc1ccc(-c2nnc3cncc(COc4ccnc(C(F)(F)F)c4)n23)cc1,[*]COc1ccnc(C(F)(F)F)c1,[*]c1ccc(OC(F)F)cc1
QRZOVJOEQQGBPE-UHFFFAOYSA-N,FC(F)Oc1ccc(-c2nnc3cncc(CCOc4cccc(C(F)(F)F)n4)n23)cc1,[*]CCOc1cccc(C(F)(F)F)n1,[*]c1ccc(OC(F)F)cc1
YMNLLUJDURGLFY-UHFFFAOYSA-N,O=C(COc1cncc2nnc(-c3ccc(OC(F)F)cc3)n12)N1Cc2cccc(Cl)c2C1,[*]OCC(=O)N1Cc2cccc(Cl)c2C1,[*]c1ccc(OC(F)F)cc1
MWGSKGAMHCSBKL-UHFFFAOYSA-N,Fc1ccc(CCOc2cncc3nnc(-c4ccc(C(F)(F)F)cn4)n23)cc1F,[*]OCCc1ccc(F)c(F)c1,[*]c1ccc(C(F)(F)F)cn1
NOGYHYWDWQDOKD-UHFFFAOYSA-N,O=C(c1ccc(F)c(F)c1)N1CC(Oc2cncc3nnc(-c4ccc(OC(F)F)c(F)c4)n23)C1,[*]OC1CN(C(=O)c2ccc(F)c(F)c2)C1,[*]c1ccc(OC(F)F)c(F)c1
UCTASMDUBZYOHN-UHFFFAOYSA-N,OC1(c2ccccc2F)CCN(c2cncc3nnc(-c4ccc(OC(F)(F)F)cc4)n23)C1,[*]N1CCC(O)(c2ccccc2F)C1,[*]c1ccc(OC(F)(F)F)cc1
VOXSIFVLIAZELH-UHFFFAOYSA-N,Fc1cccc(COCCOc2cncc3nnc(-c4ccc(OC(F)F)cc4)n23)c1,[*]OCCOCc1cccc(F)c1,[*]c1ccc(OC(F)F)cc1
IJKWQNWIHTWWGX-UHFFFAOYSA-N,COc1ccc2c(c1)C=C(COc1cncc3nnc(-c4ccc(OC(F)F)cc4)n13)CC2,[*]OCC1=Cc2cc(OC)ccc2CC1,[*]c1ccc(OC(F)F)cc1
GEKOSGAVJFYHJP-UHFFFAOYSA-N,Cc1cncc2nnc(-c3ccc(OC(F)F)cc3Oc3ccc(F)c(F)c3)n12,[*]C,[*]c1ccc(OC(F)F)cc1Oc1ccc(F)c(F)c1
KESNRMQFFZRNJH-UHFFFAOYSA-N,FC(F)Oc1ccc(-c2nnc3cncc(OCC4OCOc5ccccc54)n23)cc1,[*]OCC1OCOc2ccccc21,[*]c1ccc(OC(F)F)cc1
LQQGCTGOMQHUHC-UHFFFAOYSA-N,Fc1ccc(CCOc2cncc3nnc(-c4ccc(C(F)(F)F)[nH]4)n23)cc1F,[*]OCCc1ccc(F)c(F)c1,[*]c1ccc(C(F)(F)F)[nH]1
GYLYNXNFHHRJOO-UHFFFAOYSA-N,COC(CO)(c1ccc(F)c(F)c1)c1cncc2nnc(-c3ccc(OC(F)F)cc3)n12,[*]C(CO)(OC)c1ccc(F)c(F)c1,[*]c1ccc(OC(F)F)cc1
QVPCIMQBHFJZEM-UHFFFAOYSA-N,Fc1ccc(-c2nnc3cncc(OCCNC4CCC(c5ccccc5)CC4)n23)cc1F,[*]OCCNC1CCC(c2ccccc2)CC1,[*]c1ccc(F)c(F)c1
VSQZPGBFBWPMFR-UHFFFAOYSA-N,OCC(Oc1cncc2nnc(-c3ccc(OC(F)F)cc3)n12)c1ccc2[nH]ccc2c1,[*]OC(CO)c1ccc2[nH]ccc2c1,[*]c1ccc(OC(F)F)cc1
UVSZQAMVVJXAKO-UHFFFAOYSA-N,FC(F)Oc1ccc(-c2nnc3cncc(N4Cc5ccc(C(F)(F)F)cc5C4)n23)cc1,[*]N1Cc2ccc(C(F)(F)F)cc2C1,[*]c1ccc(OC(F)F)cc1
OEZBQXNMTQGKMX-UHFFFAOYSA-N,COCCOc1ccc(F)c(Nc2cncc3nnc(-c4ccc(OC(F)F)cc4)n23)c1,[*]Nc1cc(OCCOC)ccc1F,[*]c1ccc(OC(F)F)cc1
RBXBNNUNRVZGHL-UHFFFAOYSA-N,Fc1ccc(CCOc2cncc3nnc(Nc4cc(OC(F)F)ccc4F)n23)cc1F,[*]OCCc1ccc(F)c(F)c1,[*]Nc1cc(OC(F)F)ccc1F
NHGPGKWZXWQABK-UHFFFAOYSA-N,FC(F)Oc1ccc(-c2nnc3cncc(Oc4ccc5c(c4)OCO5)n23)c(Cl)c1,[*]Oc1ccc2c(c1)OCO2,[*]c1ccc(OC(F)F)cc1Cl
YNTJXDBSLNNOPA-UHFFFAOYSA-N,OCC(COc1cncc2nnc(-c3ccnc(C(F)(F)F)c3)n12)c1ccc(F)c(F)c1,[*]OCC(CO)c1ccc(F)c(F)c1,[*]c1ccnc(C(F)(F)F)c1
JREMDPMKCGBDGJ-UHFFFAOYSA-N,Fc1ccc(COCCOc2cncc3nnc(-c4cc5cc(Cl)ccc5[nH]4)n23)cc1F,[*]OCCOCc1ccc(F)c(F)c1,[*]c1cc2cc(Cl)ccc2[nH]1
LNIOQXABRVSYEN-UHFFFAOYSA-N,O=C(Nc1ccc2c(c1)OC(F)OC2)c1cncc2nnc(-c3ccc(OC(F)F)cc3)n12,[*]C(=O)Nc1ccc2c(c1)OC(F)OC2,[*]c1ccc(OC(F)F)cc1
UWTHSNYRADOUER-UHFFFAOYSA-N,FC(F)Oc1cccc(Oc2cncc3nnc(CC4COc5cc(Cl)ccc5C4)n23)c1,[*]Oc1cccc(OC(F)F)c1,[*]CC1COc2cc(Cl)ccc2C1
CYQLXVPPZWLVFP-UHFFFAOYSA-N,FC(F)Oc1ccc(-c2nnc3cncc(OCC4COc5cccc(C(F)(F)F)c54)n23)cc1,[*]OCC1COc2cccc(C(F)(F)F)c21,[*]c1ccc(OC(F)F)cc1
JFRQTIWXODEBDT-UHFFFAOYSA-N,N#Cc1ccc(-c2nnc3cncc(OCCSCc4ccc(F)c(F)c4)n23)cc1,[*]OCCSCc1ccc(F)c(F)c1,[*]c1ccc(C#N)cc1
RSEGURSRRJDXNS-UHFFFAOYSA-N,O=C(NCc1cncc2nnc(-c3ccc(OC(F)F)cc3)n12)Nc1cccc(C(F)(F)F)c1,[*]CNC(=O)Nc1cccc(C(F)(F)F)c1,[*]c1ccc(OC(F)F)cc1
NXCRURMRROLBEU-UHFFFAOYSA-N,N#Cc1cc(C(=O)N(c2cncc3nnc(-c4ccc(C(F)(F)F)cc4)n23)C2CC2)ccc1F,[*]N(C(=O)c1ccc(F)c(C#N)c1)C1CC1,[*]c1ccc(C(F)(F)F)cc1
ZDDCHAICJKLEDC-UHFFFAOYSA-N,FC(F)(F)c1ccc(-c2nnc3cncc(OCCc4ccc5ccccc5n4)n23)cc1,[*]OCCc1ccc2ccccc2n1,[*]c1ccc(C(F)(F)F)cc1
IFDYFDQAGRIADO-UHFFFAOYSA-N,FC1(F)CCc2cc(CCOc3cncc4nnc(-c5ccc(Cl)cc5)n34)ccc2O1,[*]OCCc1ccc2c(c1)CCC(F)(F)O2,[*]c1ccc(Cl)cc1
QSLVJBJOYRXUGQ-UHFFFAOYSA-N,Fc1cccc(OC(F)COc2cncc3nnc(-c4ccc(OC(F)F)cc4)n23)c1,[*]OCC(F)Oc1cccc(F)c1,[*]c1ccc(OC(F)F)cc1
GTSACQXPQAJVMQ-UHFFFAOYSA-N,OCC(COc1cncc2nnc(-c3cnc(C(F)(F)F)c4ccccc34)n12)c1ccccc1,[*]OCC(CO)c1ccccc1,[*]c1cnc(C(F)(F)F)c2ccccc12
CAGGEIBFEUYVLT-UHFFFAOYSA-N,CC1(C)OCC1(c1ccccc1)c1cncc2nnc(-c3ccc(OC(F)F)cc3)n12,[*]C1(c2ccccc2)COC1(C)C,[*]c1ccc(OC(F)F)cc1
DHWTXLRVABTKLD-UHFFFAOYSA-N,OCC(Nc1ccc(Cl)cc1F)c1cncc2nnc(-c3ccc(OC(F)F)cc3)n12,[*]C(CO)Nc1ccc(Cl)cc1F,[*]c1ccc(OC(F)F)cc1
ATCZTTJFRGTUTI-UHFFFAOYSA-N,Fc1cc(-c2nnc3cncc(-c4ccc(OC(F)F)cc4)n23)ccc1OC(F)F,[*]c1ccc(OC(F)F)cc1,[*]c1ccc(OC(F)F)c(F)c1
OERKSSQWJYCZEZ-UHFFFAOYSA-N,FC(F)Oc1ccc(-c2nnc3cncc(OCC4COCN4Cc4ccccc4)n23)cc1,[*]OCC1COCN1Cc1ccccc1,[*]c1ccc(OC(F)F)cc1
OMVWGKXRJBLLNL-UHFFFAOYSA-N,COc1cncc2nnc(COC(c3ccccc3)c3ccc(C(F)(F)F)cc3)n12,[*]OC,[*]COC(c1ccccc1)c1ccc(C(F)(F)F)cc1
NHNQCGLGTCMWID-UHFFFAOYSA-N,OCC(COc1cncc2nnc(-c3ccc(F)cc3)n12)(c1ccccc1)c1ccc(F)c(F)c1,[*]OCC(CO)(c1ccccc1)c1ccc(F)c(F)c1,[*]c1ccc(F)cc1
DRJNFDSDVPMXSD-UHFFFAOYSA-N,OC(COc1cncc2nnc(-c3ccc(OC(F)F)cc3)n12)C1Cc2ccccc2O1,[*]OCC(O)C1Cc2ccccc2O1,[*]c1ccc(OC(F)F)cc1
GPKCIFXTCIWBDV-UHFFFAOYSA-N,OCC(Cc1cccc(C(F)(F)F)c1)Nc1cncc2nnc(-c3ccc(OC(F)F)cc3)n12,[*]NC(CO)Cc1cccc(C(F)(F)F)c1,[*]c1ccc(OC(F)F)cc1
KYZRTTPZEJWHAF-UHFFFAOYSA-N,CC(Oc1cncc2nnc(-c3ccc(OC(F)F)cc3)n12)C(c1ccccc1)N1CCOC1,[*]OC(C)C(c1ccccc1)N1CCOC1,[*]c1ccc(OC(F)F)cc1
CCEHAWZEJHEHKW-UHFFFAOYSA-N,FC(F)Oc1ccc(CCOc2cncc3nnc(-c4c[nH]c(C(F)(F)F)c4)n23)cc1,[*]OCCc1ccc(OC(F)F)cc1,[*]c1c[nH]c(C(F)(F)F)c1
DKWBNXGBJQWYLI-UHFFFAOYSA-N,CC(C)(C(=O)OCc1cncc2nnc(-c3ccc(OC(F)F)cc3)n12)c1ccccc1,[*]COC(=O)C(C)(C)c1ccccc1,[*]c1ccc(OC(F)F)cc1
UDJAVLABIWGMCV-UHFFFAOYSA-N,OCC(c1ccc(C(F)(F)F)cc1)c1nnc2cncc(Oc3ccc(F)c(F)c3)n12,[*]Oc1ccc(F)c(F)c1,[*]C(CO)c1ccc(C(F)(F)F)cc1
YHRGNWLUSJGMHH-UHFFFAOYSA-N,Fc1cc2c(cc1F)CN(Cc1cncc3nnc(-c4ccc(OC(F)F)cc4)n13)CC2,[*]CN1CCc2cc(F)c(F)cc2C1,[*]c1ccc(OC(F)F)cc1
PYCBCUMPQODWCB-UHFFFAOYSA-N,O=C(Nc1cc(-c2nnc3cncc(OC(F)F)n23)ccc1Cl)c1cccc(OC(F)F)c1,[*]OC(F)F,[*]c1ccc(Cl)c(NC(=O)c2cccc(OC(F)F)c2)c1
XTMLFNBIGBGANF-UHFFFAOYSA-N,CC1(C)OCc2c(COc3cncc4nnc(-c5ccc(OC(F)F)cc5)n34)cccc21,[*]OCc1cccc2c1COC2(C)C,[*]c1ccc(OC(F)F)cc1
JXBDSBQOJOOMJL-UHFFFAOYSA-N,FC(F)Oc1ccc(-c2nnc3cncc(Oc4ccc5c(c4)COCO5)n23)cc1,[*]Oc1ccc2c(c1)COCO2,[*]c1ccc(OC(F)F)cc1
HYWOLEDCPGNXAJ-UHFFFAOYSA-N,FC(F)(F)c1nnc2cncc(OCCc3cccc(OCc4ccccc4)c3)n12,[*]OCCc1cccc(OCc2ccccc2)c1,[*]C(F)(F)F
XVOVAVIACDNKFU-UHFFFAOYSA-N,Fc1cc2c(cc1CCOc1cncc3nnc(-c4ccc(OC(F)F)cc4)n13)OCO2,[*]OCCc1cc2c(cc1F)OCO2,[*]c1ccc(OC(F)F)cc1
UHGXYYQLHJJJDF-UHFFFAOYSA-N,FC(F)Oc1ccc(-c2nnc3cncc(Oc4cccc5c4OCO5)n23)cc1,[*]Oc1cccc2c1OCO2,[*]c1ccc(OC(F)F)cc1
UEWGEXNVVNXPDO-UHFFFAOYSA-N,O=C(NCc1cc(F)c(F)cc1F)c1nnc2cncc(OCc3ccc(F)c(F)c3)n12,[*]OCc1ccc(F)c(F)c1,[*]C(=O)NCc1cc(F)c(F)cc1F
LGGRUYGYKMPOOW-UHFFFAOYSA-N,OCC(COc1cncc2nnc(Oc3ccc(C(F)(F)F)cc3)n12)c1ccc(F)c(F)c1,[*]OCC(CO)c1ccc(F)c(F)c1,[*]Oc1ccc(C(F)(F)F)cc1
VLQDONWNVBKKHD-UHFFFAOYSA-N,O=C(NC1CCc2ccc(Cl)cc21)c1cncc2nnc(Oc3ccc(C(F)F)cc3)n12,[*]C(=O)NC1CCc2ccc(Cl)cc21,[*]Oc1ccc(C(F)F)cc1
UXVRQKKFRHKFAG-UHFFFAOYSA-N,O=C(Nc1cncc2nnc(-c3ccc(OC(F)F)cc3)n12)OCc1ccc(Cl)c(F)c1,[*]NC(=O)OCc1ccc(Cl)c(F)c1,[*]c1ccc(OC(F)F)cc1
AYIPXFSURHJOAT-UHFFFAOYSA-N,COC(COc1cncc2nnc(-c3ccc4cc[nH]c4c3)n12)c1cccc(F)c1,[*]OCC(OC)c1cccc(F)c1,[*]c1ccc2cc[nH]c2c1
UWJZMEKZTOKRNQ-UHFFFAOYSA-N,O=C(NC(CO)c1cncc2nnc(-c3ccc(OC(F)F)cc3)n12)c1ccc(F)c(Cl)c1,[*]C(CO)NC(=O)c1ccc(F)c(Cl)c1,[*]c1ccc(OC(F)F)cc1
PVMMXUYXWMQALG-UHFFFAOYSA-N,O=C(NC(CO)c1cncc2nnc(-c3ccc(OC(F)F)cc3)n12)OCc1ccc(F)cc1,[*]C(CO)NC(=O)OCc1ccc(F)cc1,[*]c1ccc(OC(F)F)cc1
ZNFMXIHTWARKNM-UHFFFAOYSA-N,Cc1noc2cc(-c3nnc4cncc(OCc5ccc(F)c(F)c5)n34)ccc12,[*]OCc1ccc(F)c(F)c1,[*]c1ccc2c(C)noc2c1
ROHWLSMPNWYBFQ-UHFFFAOYSA-N,FC(F)Oc1ccc(-c2nnc3cncc(OC4COCCC4c4ccccc4)n23)cc1,[*]OC1COCCC1c1ccccc1,[*]c1ccc(OC(F)F)cc1
GLHHIWSWLJVACE-UHFFFAOYSA-N,COc1cccc(CCCc2cncc3nnc(-c4cncc(OC(F)F)c4)n23)c1,[*]CCCc1cccc(OC)c1,[*]c1cncc(OC(F)F)c1
BQEWQNYBORKIED-UHFFFAOYSA-N,O=C(OCc1cccc(F)c1)c1cncc2nnc(-c3ccc(OC(F)F)cc3)n12,[*]C(=O)OCc1cccc(F)c1,[*]c1ccc(OC(F)F)cc1
KFDCSXNGSKLICW-UHFFFAOYSA-N,O=C(NCc1ccc(F)c(F)c1)c1cncc2nnc(Oc3ccc(C(F)(F)F)cc3)n12,[*]C(=O)NCc1ccc(F)c(F)c1,[*]Oc1ccc(C(F)(F)F)cc1
AIAJTZQRNMFLAP-UHFFFAOYSA-N,OCC(COc1cncc2nnc(-c3ccc4nc(C(F)(F)F)ccc4c3)n12)c1ccccc1,[*]OCC(CO)c1ccccc1,[*]c1ccc2nc(C(F)(F)F)ccc2c1
SJVCDUYDBQLPIJ-UHFFFAOYSA-N,Cc1cc(F)ccc1NC(=O)c1cncc2nnc(-c3cccc(OC(F)F)c3)n12,[*]C(=O)Nc1ccc(F)cc1C,[*]c1cccc(OC(F)F)c1
YMYLDBYQPNSCCX-UHFFFAOYSA-N,FC(F)Oc1ccc([C]CCOc2cncc3nnc(-c4ccc5cc[nH]c5c4)n23)cc1,[*]OCC[C]c1ccc(OC(F)F)cc1,[*]c1ccc2cc[nH]c2c1
RNUHIMSDHCMTPU-UHFFFAOYSA-N,Fc1ccc(CC2CN(c3cncc4nnc(-c5ccc(OC(F)F)cc5)n34)C2)cc1F,[*]N1CC(Cc2ccc(F)c(F)c2)C1,[*]c1ccc(OC(F)F)cc1
PTDCZPJLHHYVFA-UHFFFAOYSA-N,Fc1cc(-c2nnc3cncc(OC4CN(Cc5cccc(F)c5Cl)C4)n23)ccc1OC(F)F,[*]OC1CN(Cc2cccc(F)c2Cl)C1,[*]c1ccc(OC(F)F)c(F)c1
CLPAHJUFDMBKMT-UHFFFAOYSA-N,Cc1ccc2cccc(COc3cncc4nnc(-c5ccc(OC(F)F)cc5)n34)c2n1,[*]OCc1cccc2ccc(C)nc12,[*]c1ccc(OC(F)F)cc1
WBHQFFMOCUXRKE-UHFFFAOYSA-N,CN1CC1(COc1cncc2nnc(-c3ccc(OC(F)F)cc3)n12)c1ccc(Cl)cc1,[*]OCC1(c2ccc(Cl)cc2)CN1C,[*]c1ccc(OC(F)F)cc1
WEVFDHKYRUXROE-UHFFFAOYSA-N,FC(F)Oc1ccc(C#Cc2nnc3cncc(OCCc4cccc(Cl)c4)n23)cc1,[*]OCCc1cccc(Cl)c1,[*]C#Cc1ccc(OC(F)F)cc1
QUCWCJDRXXIWSD-UHFFFAOYSA-N,FC(F)Oc1ccc(-c2nnc3cncc(OC4Cc5cc(Cl)ccc54)n23)cc1,[*]OC1Cc2cc(Cl)ccc21,[*]c1ccc(OC(F)F)cc1
HSTZAPIGVBZQCF-UHFFFAOYSA-N,Cc1ccc2c(COc3cncc4nnc(-c5ccc(OC(F)F)cc5)n34)cccc2n1,[*]OCc1cccc2nc(C)ccc12,[*]c1ccc(OC(F)F)cc1
DUOPKJCFLXVTEX-UHFFFAOYSA-N,OCC(NCCc1ccc(F)c(F)c1)c1cncc2nnc(-c3ccc(OC(F)F)cc3)n12,[*]C(CO)NCCc1ccc(F)c(F)c1,[*]c1ccc(OC(F)F)cc1
PNOJIRLHGMWWKM-UHFFFAOYSA-N,Fc1ccc2c(c1)CC(COc1cncc3nnc(-c4ccc(OC(F)F)cc4)n13)CC2,[*]OCC1CCc2ccc(F)cc2C1,[*]c1ccc(OC(F)F)cc1
HMIDZVMFMOTITC-UHFFFAOYSA-N,Cc1cc(C(=O)N(C)c2cncc3nnc(-c4ccc(OC(F)(F)F)cc4)n23)c(C)n1C(F)F,[*]N(C)C(=O)c1cc(C)n(C(F)F)c1C,[*]c1ccc(OC(F)(F)F)cc1
GZVYNCWLRWGHLX-UHFFFAOYSA-N,CC(C)(C(=O)Nc1cncc2nnc(-c3ccc(OC(F)F)cc3)n12)c1ccc(F)c(F)c1,[*]NC(=O)C(C)(C)c1ccc(F)c(F)c1,[*]c1ccc(OC(F)F)cc1
UGJCEKLSEBXTAL-UHFFFAOYSA-N,Fc1ccc(C2CN(Cc3cncc4nnc(-c5ccc(OC(F)F)cc5)n34)C2)cc1F,[*]CN1CC(c2ccc(F)c(F)c2)C1,[*]c1ccc(OC(F)F)cc1
MCBDKZIFRPPVPJ-UHFFFAOYSA-N,Fc1ccc(CC2CN(Cc3cncc4nnc(-c5ccc(OC(F)F)cc5)n34)C2)cc1F,[*]CN1CC(Cc2ccc(F)c(F)c2)C1,[*]c1ccc(OC(F)F)cc1
GJIXEEOFNQYYFV-UHFFFAOYSA-N,Fc1ccc(OCCc2cncc3nnc(-c4ccc(OC(F)F)cc4)n23)cc1F,[*]CCOc1ccc(F)c(F)c1,[*]c1ccc(OC(F)F)cc1
DFJKWUPKWUVQQV-UHFFFAOYSA-N,Cc1cc(C(COc2cncc3nnc(-c4ccc(OC(F)F)cc4)n23)c2ccccc2)[nH]n1,[*]OCC(c1ccccc1)c1cc(C)n[nH]1,[*]c1ccc(OC(F)F)cc1
GGKCKKCFLZHWNL-UHFFFAOYSA-N,Fc1ccc(CCOc2cncc3nnc(COc4ccccc4OC(F)F)n23)cc1F,[*]OCCc1ccc(F)c(F)c1,[*]COc1ccccc1OC(F)F
RBBOHQKGMICRIO-UHFFFAOYSA-N,Oc1ccc(-c2nnc3cncc(OC(F)F)n23)c(OCCc2ccccc2)c1,[*]OC(F)F,[*]c1ccc(O)cc1OCCc1ccccc1
FQDKQWIGKZPUIU-UHFFFAOYSA-N,OC(COCc1ccc2ccccc2c1)COc1cncc2nnc(-c3ccc(F)cc3)n12,[*]OCC(O)COCc1ccc2ccccc2c1,[*]c1ccc(F)cc1
REMKIDCFSCTKEK-UHFFFAOYSA-N,OC(COc1cncc2nnc(OCCc3ccccc3)n12)c1ccc(F)c(F)c1,[*]OCC(O)c1ccc(F)c(F)c1,[*]OCCc1ccccc1
ZQFRUMGBZWARJF-UHFFFAOYSA-N,O=C(Cc1ccc(Cl)cc1Cl)Oc1cncc2nnc(-c3ccc(OC(F)F)cc3)n12,[*]OC(=O)Cc1ccc(Cl)cc1Cl,[*]c1ccc(OC(F)F)cc1
OQZHWOIBVNXOEZ-UHFFFAOYSA-N,CCc1cncc2nnc(-c3ccc(OCCc4ccc(F)c(F)c4)cc3)n12,[*]CC,[*]c1ccc(OCCc2ccc(F)c(F)c2)cc1
DSUMGMLYPSJKDQ-UHFFFAOYSA-N,FC(F)Oc1ccc(-c2nnc3cncc(-c4cncc(C(F)(F)F)c4)n23)cc1,[*]c1cncc(C(F)(F)F)c1,[*]c1ccc(OC(F)F)cc1
XENDFIMWNVIBJV-UHFFFAOYSA-N,O=C(NCCOc1cccc(F)c1)c1cncc2nnc(-c3ccc(OC(F)F)cc3)n12,[*]C(=O)NCCOc1cccc(F)c1,[*]c1ccc(OC(F)F)cc1
FDZORDSJIXODNQ-UHFFFAOYSA-N,COc1ccc(-c2nnc3cncc(OCC(O)c4ccc5cc(F)c(F)cc5c4)n23)cc1,[*]OCC(O)c1ccc2cc(F)c(F)cc2c1,[*]c1ccc(OC)cc1
RVLWBHXKNHBIEN-UHFFFAOYSA-N,Cc1ccc(-c2nnc3cncc(NCCOc4cccc(F)c4F)n23)cc1F,[*]NCCOc1cccc(F)c1F,[*]c1ccc(C)c(F)c1
XLBDMEVOSGSVAV-UHFFFAOYSA-N,O=C(COc1cncc2nnc(-c3cncc(Cl)c3)n12)c1cccc(OC(F)F)c1,[*]OCC(=O)c1cccc(OC(F)F)c1,[*]c1cncc(Cl)c1
LVCDLPRKGBMAKY-UHFFFAOYSA-N,Fc1ccc(CCOc2cncc3nnc(N4Cc5cc(F)c(F)cc54)n23)cc1F,[*]OCCc1ccc(F)c(F)c1,[*]N1Cc2cc(F)c(F)cc21
XZKBVHUWXKIWLN-UHFFFAOYSA-N,FC(F)Oc1ccc(-c2nnc3cncc(OC4COCC(OCCc5ccccc5)C4)n23)cc1,[*]OC1COCC(OCCc2ccccc2)C1,[*]c1ccc(OC(F)F)cc1
KINQDIHSTXTJPJ-UHFFFAOYSA-N,Fc1ccc(CCOc2cncc3nnc(-c4ccc(OC(F)F)cc4)n23)c2ccncc12,[*]OCCc1ccc(F)c2cnccc12,[*]c1ccc(OC(F)F)cc1
QVXMEKJZHWMUID-UHFFFAOYSA-N,O=C(c1cncc2nnc(-c3ccc(OC(F)F)cc3)n12)N1CCC(F)(c2ccc(F)c(F)c2)C1,[*]C(=O)N1CCC(F)(c2ccc(F)c(F)c2)C1,[*]c1ccc(OC(F)F)cc1
ZUFCRIQZARRYMF-UHFFFAOYSA-N,FC(F)Oc1ccc(-c2nnc3cncc(OCC(OC4CC4)c4ccccc4)n23)cc1,[*]OCC(OC1CC1)c1ccccc1,[*]c1ccc(OC(F)F)cc1
XDXHGCYWYLTVMY-UHFFFAOYSA-N,O=C(Nc1ccc(-c2nnc3cncc(C(F)(F)F)n23)cc1)c1ccc(OC(F)F)cc1,[*]C(F)(F)F,[*]c1ccc(NC(=O)c2ccc(OC(F)F)cc2)cc1
CXIPLZNRGPAKHS-UHFFFAOYSA-N,CC(NC(=O)c1cncc2nnc(-c3ccc(OC(F)(F)F)cc3)n12)c1ccc(F)cc1Cl,[*]C(=O)NC(C)c1ccc(F)cc1Cl,[*]c1ccc(OC(F)(F)F)cc1
NVURWWHMEANHBE-UHFFFAOYSA-N,FC(F)Oc1ccc(-c2nnc3cncc(OC4CN(C5Cc6ccc(Cl)cc65)C4)n23)cc1,[*]OC1CN(C2Cc3ccc(Cl)cc32)C1,[*]c1ccc(OC(F)F)cc1
KVFIXDHHGGETPI-UHFFFAOYSA-N,FC(F)Oc1ccc(-c2nnc3cncc(CN4COC(c5ccccc5)C4)n23)cc1,[*]CN1COC(c2ccccc2)C1,[*]c1ccc(OC(F)F)cc1
TYFYIQQLQSYMLN-UHFFFAOYSA-N,FC(F)Oc1ccc(-c2nnc3cncc(OCC4=Cc5cc(Cl)ccc5OC4)n23)cc1,[*]OCC1=Cc2cc(Cl)ccc2OC1,[*]c1ccc(OC(F)F)cc1
NPDRDXUMBNUYMR-UHFFFAOYSA-N,CC1(C)C=Cc2cc(-c3nnc4cncc(OCCc5ccc(F)c(F)c5)n34)ccc2O1,[*]OCCc1ccc(F)c(F)c1,[*]c1ccc2c(c1)C=CC(C)(C)O2
OPEVUDIGUZRRRI-UHFFFAOYSA-N,O=C(NC1COc2cc(Cl)ccc21)c1cncc2nnc(-c3ccc(OC(F)F)cc3)n12,[*]C(=O)NC1COc2cc(Cl)ccc21,[*]c1ccc(OC(F)F)cc1
HFGAMTPHCSECJY-UHFFFAOYSA-N,O=C(COc1cncc2nnc(-c3ccc(OC(F)F)cc3)n12)NC1C=Cc2c1ccc(F)c2F,[*]OCC(=O)NC1C=Cc2c1ccc(F)c2F,[*]c1ccc(OC(F)F)cc1
WQOKVHXGGKXYFS-UHFFFAOYSA-N,COc1ccc2c(c1)CCOC2COc1cncc2nnc(-c3ccc(OC(F)F)cc3)n12,[*]OCC1OCCc2cc(OC)ccc21,[*]c1ccc(OC(F)F)cc1
DULIRKNOHUMUPM-UHFFFAOYSA-N,OC(COc1cncc2nnc(CCc3ccc(F)c(F)c3)n12)c1cccc(C(F)(F)F)c1,[*]OCC(O)c1cccc(C(F)(F)F)c1,[*]CCc1ccc(F)c(F)c1
AGQIITIUEXVGBY-UHFFFAOYSA-N,O=C(CCOc1cncc2nnc(-c3ccc(OC(F)F)cc3)n12)Nc1ccc(F)c(F)c1,[*]OCCC(=O)Nc1ccc(F)c(F)c1,[*]c1ccc(OC(F)F)cc1
TUWZZMNZZKKBQS-UHFFFAOYSA-N,Cn1c(CCOc2cncc3nnc(-c4ccc(OC(F)F)cc4)n23)cc2ccc(F)cc21,[*]OCCc1cc2ccc(F)cc2n1C,[*]c1ccc(OC(F)F)cc1
BLJGNCKWWGBCTC-UHFFFAOYSA-N,O=C(NC(Cc1cccc(F)c1)C1CC1)c1cncc2nnc(-c3ccc(OC(F)F)cc3)n12,[*]C(=O)NC(Cc1cccc(F)c1)C1CC1,[*]c1ccc(OC(F)F)cc1
UWGJDGRFWIJDHM-UHFFFAOYSA-N,COC(COc1cncc2nnc(-c3ccc(F)c(F)c3)n12)c1ccc(OC(F)F)cc1,[*]OCC(OC)c1ccc(OC(F)F)cc1,[*]c1ccc(F)c(F)c1
UZBQVICNOQSNFR-UHFFFAOYSA-N,Fc1cccc(CN2CCC2c2cncc3nnc(-c4ccc(OC(F)F)cc4)n23)c1F,[*]C1CCN1Cc1cccc(F)c1F,[*]c1ccc(OC(F)F)cc1
AOYHHQDTFXBFQK-UHFFFAOYSA-N,O=C(Nc1ccn(C(F)F)c1)c1cncc2nnc(-c3ccc(OC(F)F)cc3)n12,[*]C(=O)Nc1ccn(C(F)F)c1,[*]c1ccc(OC(F)F)cc1
AJTNJHCZNRBWKY-UHFFFAOYSA-N,OCC(COc1cncc2nnc(-c3csc4ccc(F)cc34)n12)c1ccccc1,[*]OCC(CO)c1ccccc1,[*]c1csc2ccc(F)cc12
DRZFHEORIOCCIY-UHFFFAOYSA-N,CC(COc1cncc2nnc(-c3ccc(OC(F)F)cc3)n12)c1ccc[nH]1,[*]OCC(C)c1ccc[nH]1,[*]c1ccc(OC(F)F)cc1
BNZDVCFJFLITPJ-UHFFFAOYSA-N,N#Cc1ccc(Oc2cncc3nnc(-c4ccc(OC(F)F)cc4)n23)c(OC(F)F)c1,[*]Oc1ccc(C#N)cc1OC(F)F,[*]c1ccc(OC(F)F)cc1
JXJWVXONTQIJGI-UHFFFAOYSA-N,O=C(NCc1cc(C(F)(F)F)ccn1)c1cncc2nnc(-c3ccc(OC(F)F)cc3)n12,[*]C(=O)NCc1cc(C(F)(F)F)ccn1,[*]c1ccc(OC(F)F)cc1
LGMRIEOIGLSPCY-UHFFFAOYSA-N,Fc1ccc(CN2CC(c3cncc4nnc(-c5ccc(OC(F)F)cc5)n34)C2)cc1F,[*]C1CN(Cc2ccc(F)c(F)c2)C1,[*]c1ccc(OC(F)F)cc1
